-- phpMyAdmin SQL Dump
-- version 5.1.0
-- https://www.phpmyadmin.net/
--
-- Máy chủ: 127.0.0.1
-- Thời gian đã tạo: Th6 01, 2021 lúc 05:48 PM
-- Phiên bản máy phục vụ: 10.4.19-MariaDB
-- Phiên bản PHP: 7.3.28

SET SQL_MODE = "NO_AUTO_VALUE_ON_ZERO";
START TRANSACTION;
SET time_zone = "+00:00";


/*!40101 SET @OLD_CHARACTER_SET_CLIENT=@@CHARACTER_SET_CLIENT */;
/*!40101 SET @OLD_CHARACTER_SET_RESULTS=@@CHARACTER_SET_RESULTS */;
/*!40101 SET @OLD_COLLATION_CONNECTION=@@COLLATION_CONNECTION */;
/*!40101 SET NAMES utf8mb4 */;

--
-- Cơ sở dữ liệu: `perfumeshopdb`
--

-- --------------------------------------------------------

--
-- Cấu trúc bảng cho bảng `baiviet`
--

CREATE TABLE `baiviet` (
  `idBV` int(11) NOT NULL,
  `idSP` int(11) NOT NULL,
  `NoiDung` longtext COLLATE utf8_unicode_ci DEFAULT NULL,
  `NgayCapNhat` date DEFAULT NULL,
  `AnHien` tinyint(3) NOT NULL,
  `TieuDe` varchar(100) COLLATE utf8_unicode_ci NOT NULL,
  `img` text COLLATE utf8_unicode_ci DEFAULT NULL,
  `MoTa` text COLLATE utf8_unicode_ci NOT NULL
) ENGINE=MyISAM DEFAULT CHARSET=utf8 COLLATE=utf8_unicode_ci;

--
-- Đang đổ dữ liệu cho bảng `baiviet`
--

INSERT INTO `baiviet` (`idBV`, `idSP`, `NoiDung`, `NgayCapNhat`, `AnHien`, `TieuDe`, `img`, `MoTa`) VALUES
(2, 1, '<p><strong>Bạn c&oacute; d&aacute;m sắm một c&acirc;y để Đ&Oacute;N H&Egrave; n&agrave;y kh&ocirc;ng?</strong></p>\r\n\r\n<p>Muốn cập nhật những tr&agrave;o lưu thời trang, trang điểm mới nhất? Chỉ cần chăm chỉ lượn v&agrave;o c&aacute;i web&nbsp;<a href=\"https://orchard.vn/son-moi-deborah-milano/\">Orchard.vn</a>&nbsp;l&agrave; được! Nối g&oacute;t tr&agrave;o lưu nhuộm t&oacute;c dạ quang bước ra từ Instagram, th&igrave; tr&agrave;o lưu son m&ocirc;i l&igrave; v&agrave; b&aacute;m m&agrave;u tr&ecirc;n m&ocirc;i khiến nhiều c&ocirc; n&agrave;ng s&agrave;nh điệu tr&ecirc;n thế giới phải ngước nh&igrave;n.</p>\r\n\r\n<p>Những mẫu son mới nhất của thương hiệu mỹ phẩm đến thời trang Deborah Milano sẽ gi&uacute;p n&agrave;ng khẳng định vẻ đẹp tinh tế, tự tin tỏa s&aacute;ng.</p>\r\n\r\n<p><a href=\"https://orchard.vn/son-atomic-red-mat-19.html\"><strong>1. Son Rossetto Atomic Red Mat</strong></a></p>\r\n\r\n<p>Son m&ocirc;i dạng l&igrave;, cho hiệu ứng mờ v&agrave; mượt như satin. Kết cấu nhẹ nh&agrave;ng, th&ocirc;ng tho&aacute;ng nhờ c&aacute;c bọt kh&iacute; si&ecirc;u nhỏ đan xen, đồng thời gi&uacute;p m&agrave;u sắc thể hiện r&otilde; r&agrave;ng, m&atilde;nh liệt, bền đẹp m&agrave; kh&ocirc;ng l&agrave;m kh&ocirc; m&ocirc;i. Cho cảm gi&aacute;c cực kỳ thoải m&aacute;i v&agrave; th&iacute;ch th&uacute; mỗi khi t&ocirc; son bởi thỏi son lướt nhẹ nh&agrave;ng, &ecirc;m &aacute;i tr&ecirc;n đ&ocirc;i m&ocirc;i; cho đ&ocirc;i m&ocirc;i mịn mượt ho&agrave;n hảo, bền m&agrave;u cả ng&agrave;y d&agrave;i.</p>\r\n\r\n<p><a href=\"https://orchard.vn/blog/wp-content/uploads/2017/04/d3feabd8bd05372aeecec3c6bb5edc0b.jpg\"><img alt=\"d3feabd8bd05372aeecec3c6bb5edc0b\" src=\"https://orchard.vn/blog/wp-content/uploads/2017/04/d3feabd8bd05372aeecec3c6bb5edc0b-e1492056768381-300x278.jpg\" style=\"height:278px; width:300px\" /></a></p>\r\n\r\n<p><a href=\"https://orchard.vn/son-il-rossetto-603.html\"><strong>2. Son IL Rossetto</strong></a></p>\r\n\r\n<p>Son m&ocirc;i dạng kem với kết cấu mềm v&agrave; mịn; rất gi&agrave;u vitamin A, C v&agrave; E. Mang lại sự s&aacute;ng b&oacute;ng v&agrave; ẩm mượt ho&agrave;n hảo cho đ&ocirc;i m&ocirc;i. Đ&ocirc;i m&ocirc;i rạng rỡ, tự tin tỏa s&aacute;ng v&agrave; cảm gi&aacute;c cực kỳ thoải m&aacute;i khi thoa son cả ng&agrave;y. C&oacute; sự bổ trợ m&agrave;n lọc chống tia UVA v&agrave; UVB.</p>\r\n\r\n<p><a href=\"https://orchard.vn/blog/wp-content/uploads/2017/04/f9ae88de83d3fb532287b7da2cfcafb3.jpg\"><img alt=\"f9ae88de83d3fb532287b7da2cfcafb3\" src=\"https://orchard.vn/blog/wp-content/uploads/2017/04/f9ae88de83d3fb532287b7da2cfcafb3-300x225.jpg\" style=\"height:244px; width:325px\" /></a>&nbsp;<a href=\"https://orchard.vn/blog/wp-content/uploads/2017/04/c3fb3bf59434796ad7ca3c417bb17e5e.jpg\"><img alt=\"c3fb3bf59434796ad7ca3c417bb17e5e\" src=\"https://orchard.vn/blog/wp-content/uploads/2017/04/c3fb3bf59434796ad7ca3c417bb17e5e-233x300.jpg\" style=\"height:245px; width:190px\" /></a></p>\r\n\r\n<p><a href=\"https://orchard.vn/son-2-dau-absolute-lasting-liquid-lipstick-10.html\"><strong>3. Absolute Lasting Liquid</strong></a></p>\r\n\r\n<p>Absolute Lasting Liquid của Deborah Milano l&agrave; thỏi son si&ecirc;u bền m&agrave;u &ldquo;<em>từ s&aacute;ng đến tối&rdquo;</em>, kh&ocirc;ng đổi m&agrave;u, kh&ocirc;ng tr&ocirc;i v&agrave; kh&ocirc;ng lem suốt cả ng&agrave;y d&agrave;i như thể phủ một lớp sơn đặc biệt l&ecirc;n m&ocirc;i. Thỏi son c&oacute; 2 đầu: một đầu phủ lớp son l&igrave; bền bĩ với m&agrave;u sắc đẹp rạng rỡ, m&agrave;u tự lan tỏa đều khắp m&ocirc;i, lớp son b&aacute;m v&agrave;o m&ocirc;i ngay lập tức v&agrave; kh&ocirc; rất nhanh; một đầu c&ograve;n lại l&agrave; lớp son b&oacute;ng gi&agrave;u dưỡng chất giữ ẩm cho đ&ocirc;i m&ocirc;i b&oacute;ng mượt v&agrave; mềm mịn suốt cả ng&agrave;y. Sự kết hợp của 2 đầu son n&agrave;y vừa gi&uacute;p đ&ocirc;i m&ocirc;i c&oacute; m&agrave;u son l&igrave; suốt cả ng&agrave;y vừa phủ l&ecirc;n m&ocirc;i lớp son b&oacute;ng &oacute;ng &aacute;nh như gương; l&agrave;n m&ocirc;i kh&ocirc;ng bị kh&ocirc;, nứt nẻ v&agrave; tr&ocirc;ng thấy kẽ m&ocirc;i&nbsp;như c&aacute;c loại son l&igrave; kh&aacute;c tr&ecirc;n thị trường.</p>\r\n\r\n<p><a href=\"https://orchard.vn/blog/wp-content/uploads/2017/04/d77b137414dc8b33359cdbbef1d4fd5d.jpg\"><img alt=\"d77b137414dc8b33359cdbbef1d4fd5d\" src=\"https://orchard.vn/blog/wp-content/uploads/2017/04/d77b137414dc8b33359cdbbef1d4fd5d-300x300.jpg\" style=\"height:300px; width:300px\" /></a></p>\r\n\r\n<p><a href=\"https://orchard.vn/son-deborah-rossetto-milano-red-11-vn.html\"><strong>4. Son Rossetto Milano Red</strong></a></p>\r\n\r\n<p>Son thỏi c&oacute; c&ocirc;ng thức đột ph&aacute; gi&uacute;p truyền tải m&agrave;u sắc mạnh mẽ, thoải m&aacute;i tuyệt đối khi sử dụng v&agrave; giữ ẩm m&ocirc;i l&ecirc;n đến 10 giờ. Chứa bột ruby si&ecirc;u mịn cho m&agrave;u sắc tươi đẹp v&agrave; s&aacute;ng b&oacute;ng, C&ocirc;ng thức n&agrave;y cũng chứa một loại acid hyaluronic c&oacute; t&aacute;c dụng gi&uacute;p đ&ocirc;i m&ocirc;i mềm mại &amp; m&agrave;u son trải đều, kh&ocirc;ng bị v&oacute;n cục; ngo&agrave;i ra, hỗn hợp s&aacute;p tự nhi&ecirc;n c&oacute; nguồn gốc từ tinh dầu jojoba, mimosa v&agrave; hướng dương, gi&uacute;p nu&ocirc;i dưỡng m&ocirc;i. Độ chống nắng SPF15 gi&uacute;p bảo vệ đ&ocirc;i m&ocirc;i khỏi c&aacute;c tia mặt trời c&oacute; hại.</p>\r\n\r\n<p><a href=\"https://orchard.vn/blog/wp-content/uploads/2017/04/3f705a1a600220437814c6c573cc61bb.jpg\"><img alt=\"3f705a1a600220437814c6c573cc61bb\" src=\"https://orchard.vn/blog/wp-content/uploads/2017/04/3f705a1a600220437814c6c573cc61bb-300x225.jpg\" style=\"height:225px; width:300px\" /></a>&nbsp;<a href=\"https://orchard.vn/blog/wp-content/uploads/2017/04/49e8823fc8559b6321cf03bd738cc30d.jpg\"><img alt=\"49e8823fc8559b6321cf03bd738cc30d\" src=\"https://orchard.vn/blog/wp-content/uploads/2017/04/49e8823fc8559b6321cf03bd738cc30d-300x200.jpg\" style=\"height:226px; width:340px\" /></a></p>\r\n\r\n<p>H&egrave; n&agrave;y v&igrave; c&oacute; em m&agrave; trở n&ecirc;n trọn vẹn!&hellip;.</p>\r\n\r\n<p>Tr&iacute;ch từ:&nbsp;<a href=\"https://orchard.vn/blog/thoi-son-dep-nhat-deborah/\">https://orchard.vn/blog/thoi-son-dep-nhat-deborah/</a></p>\r\n', '2021-05-05', 1, 'THỎI SON ĐẸP NHẤT DEBORAH', 'DEBORAH.PNG', '<p><strong>Bạn c&oacute; d&aacute;m sắm một c&acirc;y để Đ&Oacute;N H&Egrave; n&agrave;y kh&ocirc;ng?</strong></p>\r\n'),
(3, 1, '<p><em>Thời&nbsp;điểm giao h&ograve;a giữa xu&acirc;n v&agrave; h&egrave; khiến cho kh&ocirc;ng kh&iacute; c&oacute; phần n&oacute;ng bức hơn. Nhưng&nbsp;đ&oacute; kh&ocirc;ng l&agrave; l&yacute; do c&oacute; thể l&agrave;m kh&oacute; c&aacute;c nghệ nh&acirc;n s&aacute;ng tạo hương thơm, họ lu&ocirc;n thấu hiểu nhu cầu v&agrave; bằng t&agrave;i năng của m&igrave;nh tạo ra m&ugrave;i hương cho c&aacute;c m&ugrave;a trong năm. M&ugrave;a h&egrave; oi&nbsp;ả nhưng cũng l&agrave; m&ugrave;a của sự năng&nbsp;động, m&ugrave;a của những chuyến du lịch v&agrave; khơi gợi một c&aacute;i g&igrave;&nbsp;đ&oacute; h&agrave;o hứng lan tỏa khắp kh&ocirc;ng kh&iacute;. Do vậy vào tháng 8/2015, nh&agrave; chế t&aacute;c&nbsp;Daniela Roche Andrier của&nbsp;nh&agrave; Miu Miu đ&atilde; nắm bắt&nbsp;đặc t&iacute;nh n&agrave;y v&agrave; rồi cho ra&nbsp;đời d&ograve;ng nước hoa mang&nbsp;đầy&nbsp;đủ sự&nbsp;trẻ trung, năng đ&ocirc;̣ng với phong c&aacute;ch&nbsp;độc&nbsp;đ&aacute;o v&agrave; kh&aacute; tinh tế &ndash; Nước hoa&nbsp;<a href=\"https://orchard.vn/miu-miu-for-women.html\">MIUMIU</a>&nbsp;d&agrave;nh cho nữ.&nbsp;Orchard sẽ&nbsp;đưa bạn kh&aacute;m ph&aacute; m&ugrave;i hương&nbsp;đầy hứng khởi v&agrave;&nbsp;độc&nbsp;đ&aacute;o n&agrave;y nh&eacute;, n&agrave;o c&ugrave;ng thử nghiệm!!!</em></p>\r\n\r\n<p><img alt=\"review Miu Miu\" src=\"https://orchard.vn/blog/wp-content/uploads/2017/04/Untitled-1-1024x637.jpg\" style=\"height:411px; width:660px\" /></p>\r\n\r\n<p><em><strong>1. M&ugrave;i hương:</strong></em></p>\r\n\r\n<p>Bạn&nbsp;đ&atilde; từng chi&ecirc;m nghiệm thử m&ugrave;i hương của hoa linh lan chưa? Hương ngọt ng&agrave;o của lo&agrave;i hoa đến từ thung lũng&nbsp;vùng &ocirc;n đới mát mẻ phía bắc bán c&acirc;̀u ở Ch&acirc;u Á và Ch&acirc;u &Acirc;u n&agrave;y h&ograve;a c&ugrave;ng vị ngọt hơi cay nhẹ của tinh dầu cam bergamot v&agrave;&nbsp;chanh v&agrave;ng l&agrave;m cho lớp hương đầu của&nbsp;<a href=\"https://orchard.vn/miu-miu-for-women.html\">MIU MIU</a>&nbsp;to&aacute;t l&ecirc;n sự tươi m&aacute;t, hứng khởi nhưng kh&ocirc;ng k&eacute;m trẻ trung của sự ngọt ng&agrave;o đấy.</p>\r\n\r\n<p><img alt=\"Hoa Linh Lan Nhẹ Nhàng Tinh Khiết E Ấp Trong Sương Sớm\" src=\"https://orchard.vn/blog/wp-content/uploads/2017/04/hoa-linh-lan-trang-1024x768.jpg\" style=\"height:495px; width:660px\" /></p>\r\n\r\n<p><strong>Hoa Linh Lan Nhẹ Nh&agrave;ng Tinh Khiết E Ấp Trong Sương Sớm</strong></p>\r\n\r\n<p><img alt=\"tinh-dau-cam-bergamot\" src=\"https://orchard.vn/blog/wp-content/uploads/2017/04/tinh-dau-cam-bergamot.jpg\" style=\"height:450px; width:668px\" /></p>\r\n\r\n<p><strong>M&ugrave;i hương của bergamot l&agrave; hương tr&aacute;i c&acirc;y ngọt ng&agrave;o cộng với một ch&uacute;t cay nhẹ</strong></p>\r\n\r\n<p>Được một l&uacute;c th&igrave; lớp n&agrave;y lan dần sang tầng hương trung t&acirc;m, đ&oacute; l&agrave; sự chiếm lĩnh của hương diệu kỳ từ c&aacute;c lo&agrave;i hoa kh&aacute; quen thuộc. Nh&agrave;i trắng với sự tinh khiết v&agrave; vị&nbsp;ngọt nồng&nbsp;c&ugrave;ng với nữ ho&agrave;ng của c&aacute;c lo&agrave;i hoa &ndash;&nbsp; hương vị hoa hồng dịu d&agrave;ng tinh tế&nbsp;kh&ocirc;ng lẫn được với bất kỳ lo&agrave;i n&agrave;o&nbsp;c&agrave;ng l&agrave;m&nbsp;đượm l&ecirc;n phần e&nbsp;ấp nữ t&iacute;nh của hoa nh&agrave;i. Th&ecirc;m v&agrave;o ca từ của bản nhạc l&agrave; hương từ l&aacute; c&acirc;y,&nbsp;rất tươi m&aacute;t v&agrave; đầy sức sống g&oacute;p phần tạo ra m&ugrave;i hương th&ecirc;m r&otilde; r&agrave;ng v&agrave; sắc n&eacute;t.</p>\r\n\r\n<p><img alt=\"hoa-hong-do-cuc-dep\" src=\"https://orchard.vn/blog/wp-content/uploads/2017/04/hoa-hong-do-cuc-dep-1024x640.jpg\" style=\"height:413px; width:660px\" /></p>\r\n\r\n<p><img alt=\"Loại hoa ngọt ngào, nồng thắm mà tình yêu đã len lỏi vào từng cánh hoa, nhị hoa và cả hương thơm dịu nhẹ phảng phất\" src=\"https://orchard.vn/blog/wp-content/uploads/2017/04/15-12hoa-hong-do-dep-quyen-ru-long-nguoi2-1024x768.jpg\" style=\"height:495px; width:660px\" /></p>\r\n\r\n<p><strong>Loại hoa ngọt ng&agrave;o, nồng thắm m&agrave; t&igrave;nh y&ecirc;u đ&atilde; len lỏi v&agrave;o từng c&aacute;nh hoa, nhị hoa v&agrave; cả hương thơm dịu nhẹ phảng phất</strong></p>\r\n\r\n<p>Chưa dừng lại&nbsp;ở&nbsp;đ&oacute;, một c&uacute; chuyển&nbsp;để sang lớp hương cuối l&agrave; th&agrave;nh phần tr&aacute;i c&acirc;y&nbsp;độc&nbsp;đ&aacute;o l&agrave; tăng th&ecirc;m hương vị lạ cho m&ugrave;i hương. Vị chua chua nồng của quả l&yacute; chua&nbsp;đen c&ugrave;ng vị ngọt thơm giống mật hoa của quả&nbsp;đ&agrave;o, hai vị n&agrave;y như l&agrave;m tăng th&ecirc;m&nbsp;một ch&uacute;t cảm gi&aacute;c mềm mại v&agrave;o sự h&agrave;i h&ograve;a của khứu gi&aacute;c&nbsp;để rồi chuyển dần qua c&aacute;i cảm gi&aacute;c&nbsp;ấm lạ của xạ&nbsp;hương trắng v&agrave;&nbsp;tinh&nbsp;dầu akigalawood tương tự&nbsp;hoắc hương g&oacute;p phần v&agrave;o l&agrave;m lắng lại&nbsp;ổn định hương&nbsp;nước hoa.</p>\r\n\r\n<p><img alt=\"Hương hoa của quả lý chua tự nhiên có mùi hương tươi hơn và nhẹ hơn với một chút âm hưởng của loài mèo. \" src=\"https://orchard.vn/blog/wp-content/uploads/2017/04/ly-chua-den.jpg\" style=\"height:450px; width:676px\" /></p>\r\n\r\n<p><strong>Hương hoa của quả l&yacute; chua tự nhi&ecirc;n c&oacute; m&ugrave;i hương tươi hơn v&agrave; nhẹ hơn với một ch&uacute;t &acirc;m hưởng của lo&agrave;i m&egrave;o</strong></p>\r\n\r\n<p><img alt=\"Một hương trái cây rất nổi tiếng, có vị ngọt, vị giống mật hoa\" src=\"https://orchard.vn/blog/wp-content/uploads/2017/04/loi-ich-tuyet-voi-tu-qua-dao.jpg\" style=\"height:400px; width:600px\" /></p>\r\n\r\n<p><strong>Một hương tr&aacute;i c&acirc;y rất nổi tiếng, c&oacute; vị ngọt, vị giống mật hoa</strong></p>\r\n\r\n<p><img alt=\"Túi xạ của loài hươu xạ, được dùng chiết xuất xạ hương\" src=\"https://orchard.vn/blog/wp-content/uploads/2017/04/tui-xa-cua-loai-huu-xa-1024x683.jpg\" style=\"height:440px; width:660px\" /></p>\r\n\r\n<p><strong>T&uacute;i xạ của lo&agrave;i hươu xạ, được d&ugrave;ng chiết xuất xạ hương</strong></p>\r\n\r\n<p><em><strong>2. Thiết kế:</strong></em></p>\r\n\r\n<p>Bạn c&oacute; rời mắt được kh&ocirc;ng với sự cuốn h&uacute;t của m&agrave;u xanh lam ngọc thuần khiết v&agrave;&nbsp;một điểm nhấn đỏ rực bắt mắt?&nbsp;Th&acirc;n chai được lấy cảm hứng từ c&aacute;c đặc t&iacute;nh đặc biệt của t&uacute;i da sang trọng Miu Miu, dạng hình trụ b&acirc;̀u tr&ograve;n, màu ngọc lam turquoise lặp lại các họa ti&ecirc;́t tr&ecirc;n th&acirc;n, kết nối&nbsp;với vòng c&ocirc;̉ trắng mạ vàng in nổi&nbsp;logo của hãng Miu Miu, trong khi nắp chai được thi&ecirc;́t k&ecirc;́ nh&acirc;́n nh&aacute; bằng&nbsp;chi&ecirc;́c dĩa nhựa màu đỏ sáng.</p>\r\n\r\n<p><img alt=\"miu-miu-eau-de-parfum-review-2\" src=\"https://orchard.vn/blog/wp-content/uploads/2017/04/Miu-Miu-Eau-de-Parfum-Review-2.jpg\" style=\"height:533px; width:800px\" /></p>\r\n\r\n<p>Hai sắc m&agrave;u gần như đối lập nhau nhưng lại cực kỳ h&agrave;i h&ograve;a, bổ sung cho nhau để t&ocirc;n nhau l&ecirc;n. Rất nổi bật!&nbsp;Tại FiFi Award 2016 của Ph&aacute;p, trong mục Prix des professionnels/ Giải thưởng do những c&ocirc;ng ty th&agrave;nh vi&ecirc;n trao,&nbsp;<a href=\"https://orchard.vn/miu-miu-for-women.html\">Miu Miu</a>&nbsp;được trao &ldquo;Giải DESIGN chai đẹp nhất&rdquo;.&nbsp;</p>\r\n\r\n<p><img alt=\"miu miu for women\" src=\"https://orchard.vn/blog/wp-content/uploads/2017/04/Christmas-Gift-Guide-2015-Perfumes-Miu-Miu-1024x682.jpg\" style=\"height:440px; width:660px\" /></p>\r\n\r\n<p><em><strong>3.&nbsp;Độ lưu tỏa hương:</strong></em></p>\r\n\r\n<p><a href=\"https://orchard.vn/miu-miu-for-women.html\">Miu Miu</a>&nbsp;với n&ocirc;̀ng đ&ocirc;̣ Eau De Parfum (EDP) tuy l&agrave; một nồng độ kh&aacute; cao điển h&igrave;nh trong nước hoa nhưng độ&nbsp;lưu hương chỉ từ 3 giờ đến 6 giờ v&agrave; độ tỏa hương cũng thuộc dạng gần &ndash; toả hương trong v&ograve;ng một c&aacute;nh tay. Do đ&oacute;, với m&ugrave;a&nbsp;xu&acirc;n tiết trời xanh tươi phơi phới hay&nbsp;m&ugrave;a h&egrave; n&oacute;ng bức thường&nbsp;đổ mồ h&ocirc;i th&igrave;&nbsp;<a href=\"https://orchard.vn/miu-miu-for-women.html\">Miu Miu</a>&nbsp;ph&ugrave; hợp để sử dụng b&acirc;́t cứ thời gian nào trong ng&agrave;y, bởi v&igrave; n&oacute; kh&ocirc;ng qu&aacute; nồng&nbsp;để g&acirc;y kh&oacute; chịu cho người xung quanh.</p>\r\n\r\n<p><img alt=\"Miu Miu lưu tỏa hương gần và trong khoảng 3 - 6h\" src=\"https://orchard.vn/blog/wp-content/uploads/2017/04/cach-phan-biet-nuoc-hoa-giu-mui-lau-1-1024x695.jpg\" style=\"height:448px; width:660px\" /></p>\r\n\r\n<p><strong>Miu Miu lưu tỏa hương gần v&agrave; trong khoảng 3 &ndash; 6h</strong></p>\r\n\r\n<p><em><strong>4.Kết luận</strong></em></p>\r\n\r\n<p>Đ&acirc;y là m&ocirc;̣t mùi hương sang trọng tinh t&ecirc;́ thích hợp cho những c&ocirc; nàng y&ecirc;u thích sự tao nhã nhưng v&acirc;̃n th&ecirc;̉ hi&ecirc;̣n được cá tính và nét ri&ecirc;ng bi&ecirc;̣t của mình. V&agrave;&nbsp;<a href=\"https://orchard.vn/miu-miu-for-women.html\">Miu Miu</a>&nbsp;kh&ocirc;ng chỉ th&iacute;ch hợp chỉ hai m&ugrave;a trong năm v&agrave; bạn c&oacute; thể sử dụng hương thơm n&agrave;y vào các mùa trong năm.&nbsp;M&ocirc;̣t mùi hương đa thời gian như thế&nbsp;thì sẽ là m&ocirc;̣t sự lựa chọn hoàn hảo cho bạn,&nbsp;đ&uacute;ng kh&ocirc;ng n&agrave;o?</p>\r\n\r\n<ul>\r\n	<li><strong>Thiết kế: 9</strong>/10</li>\r\n	<li><strong>M&ugrave;i hương: 7,5</strong>/10</li>\r\n	<li><strong>Độ tỏa m&ugrave;i</strong>: 7/10 (kh&aacute;, lan tỏa gần)</li>\r\n	<li><strong>Độ giữ m&ugrave;i:&nbsp;</strong>6.5/10 (kh&aacute;, 3h &ndash; 6h)</li>\r\n	<li><strong>Độ linh hoạt</strong>: 8,5/10 ( th&iacute;ch hợp d&ugrave;ng đi tiệc, đi chơi buổi tối, hẹn h&ograve;)</li>\r\n	<li><strong>Phong c&aacute;ch:</strong>&nbsp;Tao Nhã, Nữ t&iacute;nh,&nbsp;Trẻ Trung</li>\r\n	<li><strong>Thời điểm d&ugrave;ng tốt nhất:&nbsp;</strong>ban ng&agrave;y, c&aacute;c m&ugrave;a trong năm.</li>\r\n</ul>\r\n\r\n<p>Tr&iacute;ch từ:&nbsp;<a href=\"https://orchard.vn/blog/review-danh-gia-nuoc-hoa-nu-miu-miu-for-women/\">https://orchard.vn/blog/review-danh-gia-nuoc-hoa-nu-miu-miu-for-women/</a></p>\r\n', '2021-04-24', 1, 'Review/ Đánh Giá Nước Hoa Nữ Miu Miu For Women', 'Miu Miu For Women.PNG', '<p><em>Những m&ugrave;i hương unisex dường như đ&atilde; trở th&agrave;nh truyền thống nổi bật của nước hoa&nbsp;<strong>Calvin Klein</strong>&nbsp;,hương thơm mới nhất&nbsp;của nh&agrave; Calvin Klein vừa mới được tr&igrave;nh l&agrave;ng trong năm 2016</em></p>\r\n'),
(5, 1, '<p><strong><em>Đối với người Phụ Nữ th&igrave; m&ugrave;i hương nước hoa m&agrave; họ d&ugrave;ng cũng quan trọng kh&ocirc;ng k&eacute;m như son phấn hay v&aacute;y &aacute;o,&nbsp;v&igrave; vẻ đẹp ho&agrave;n hảo l&agrave; một vẻ đẹp m&agrave; c&oacute; thể chạm đến tất cả c&aacute;c gi&aacute;c quan của người đối diện d&ugrave; l&agrave; bằng thị gi&aacute;c, x&uacute;c gi&aacute;c hay khướu gi&aacute;c. Vậy n&ecirc;n nước hoa cũng ch&iacute;nh l&agrave; một sự lựa chọn tinh tế nếu bạn đang t&igrave;m kiếm&nbsp;<a href=\"https://orchard.vn/qua-tang-8-3.html\">qu&agrave; tặng&nbsp;8/3</a>&nbsp;v&agrave;&nbsp;dưới đ&acirc;y sẽ l&agrave; những gợi &yacute; để bạn c&oacute; thể dễ d&agrave;ng chọn được một m&ugrave;i hương ưng &yacute; nhất để d&agrave;nh tặng những người phụ nữ th&acirc;n y&ecirc;u của m&igrave;nh.</em></strong></p>\r\n\r\n<p><strong>1.CHỌN NƯỚC HOA TẶNG MẸ</strong></p>\r\n\r\n<p><a href=\"https://orchard.vn/blog/wp-content/uploads/2017/03/good-50th-birthday-gift-mom_465832b4432c5d6b.jpg\"><img alt=\"good-50th-birthday-gift-mom_465832b4432c5d6b\" src=\"https://orchard.vn/blog/wp-content/uploads/2017/03/good-50th-birthday-gift-mom_465832b4432c5d6b.jpg\" style=\"height:317px; width:573px\" /></a></p>\r\n\r\n<p>Trong cuộc đời của mỗi ch&uacute;ng ta th&igrave; Mẹ ch&iacute;nh l&agrave; người phụ nữ đ&aacute;ng k&iacute;nh nhất v&agrave; cũng l&agrave; người phụ nữ lu&ocirc;n y&ecirc;u thương bạn&nbsp;một c&aacute;ch v&ocirc; điều kiện. Vậy n&ecirc;n đừng bao giờ qu&ecirc;n d&agrave;nh tặng cho Mẹ một m&oacute;n qu&agrave; thật &yacute; nghĩa trong ng&agrave;y 8/3 bạn nh&eacute;, cho d&ugrave; đ&oacute; l&agrave; một m&oacute;n qu&agrave; đắt tiền hay chỉ l&agrave; m&oacute;n qu&agrave; nhỏ mang &yacute; nghĩa tinh thần nhưng &nbsp;cũng đủ để khiến những người l&agrave;m Mẹ cảm thấy hạnh ph&uacute;c hơn rất nhiều. Nếu nước hoa l&agrave; sự lựa chọn của bạn d&agrave;nh tặng mẹ th&igrave; những thương hiệu l&acirc;u đời với phong c&aacute;ch cổ điển, qu&yacute; ph&aacute;i như&nbsp;<a href=\"https://orchard.vn/chanel-vn/\">Chanel</a>,&nbsp;<a href=\"https://orchard.vn/lancome-vn-2/\">Lanc&ocirc;me</a>,&nbsp;<a href=\"https://orchard.vn/dior-vn/\">Dior</a>,&nbsp;<a href=\"https://orchard.vn/lanvin-vn/\">Lanvin</a>,&nbsp;<a href=\"https://orchard.vn/caron/\">Caron</a>,&nbsp;<a href=\"https://orchard.vn/elizabeth-arden-vn/\">Elizabeth Arden</a>&nbsp;sẽ l&agrave; những sự lựa chọn tốt nhất.</p>\r\n\r\n<p><img alt=\"img_6552\" src=\"https://orchard.vn/blog/wp-content/uploads/2017/03/IMG_6552.jpg\" style=\"height:369px; width:554px\" /></p>\r\n\r\n<p>Lanc&ocirc;me &ndash; Một trong những thương hiệu l&acirc;u đời với nhiều d&ograve;ng nước hoa sang trọng, qu&yacute; ph&aacute;i</p>\r\n\r\n<p>Trong số đ&oacute; c&oacute; thể kể t&ecirc;n những d&ograve;ng nước hoa kinh điển m&agrave; chắc hẳn rằng mọi người phụ nữ ở mọi thời đại đều c&oacute; thể th&iacute;ch&nbsp;như&nbsp;<a href=\"https://orchard.vn/chanel-n5-edp.html\">Chanel No.5</a>&nbsp;huyền thoại trong thế giới nước hoa vẫn c&ograve;n vang danh đến ng&agrave;y nay hay m&ugrave;i hương&nbsp;<a href=\"https://orchard.vn/lancome-tresor.html\">Tresor</a>&nbsp;của Lanc&ocirc;me lu&ocirc;n to&aacute;t l&ecirc;n thần th&aacute;i của vẻ đẹp&nbsp;thanh lịch v&agrave; tao nh&atilde; mang &yacute; nghĩa t&igrave;nh mẹ như l&agrave; một m&oacute;n b&aacute;u vật v&ocirc; gi&aacute;.</p>\r\n\r\n<p><img alt=\"img_6383\" src=\"https://orchard.vn/blog/wp-content/uploads/2017/03/IMG_6383.jpg\" style=\"height:296px; width:510px\" /></p>\r\n\r\n<p><img alt=\"img_7155\" src=\"https://orchard.vn/blog/wp-content/uploads/2017/03/IMG_7155.jpg\" style=\"height:337px; width:506px\" /></p>\r\n\r\n<p><a href=\"https://orchard.vn/dior-jadore.html\">J&rsquo;adore</a>&nbsp;qu&yacute; ph&aacute;i m&agrave; nhẹ nh&agrave;ng đậm chất Dior sẽ v&ocirc; c&ugrave;ng tuyệt vời nếu mẹ của bạn y&ecirc;u th&iacute;ch m&ugrave;i hương của hoa nh&agrave;i hay một m&ugrave;i hương nồng n&agrave;n, cổ điển gợi nhớ về những người phụ nữ s&acirc;u sắc lu&ocirc;n dạt d&agrave;o t&igrave;nh y&ecirc;u của&nbsp;<a href=\"https://orchard.vn/elizabeth-arden-5th-avenue.html\">Elizabeth Arden 5th Avenue</a>&nbsp;chắc chắn sẽ mang sự h&agrave;i l&ograve;ng cho người mẹ m&agrave; bạn qu&yacute; trọng v&agrave; y&ecirc;u thương bằng tất cả tấm l&ograve;ng.</p>\r\n\r\n<p><a href=\"https://orchard.vn/blog/wp-content/uploads/2017/03/Copy-of-thumb_IMG_7570_1024.jpg\"><img alt=\"copy-of-thumb_img_7570_1024\" src=\"https://orchard.vn/blog/wp-content/uploads/2017/03/Copy-of-thumb_IMG_7570_1024.jpg\" style=\"height:342px; width:513px\" /></a></p>\r\n\r\n<p><br />\r\n&nbsp;<a href=\"https://orchard.vn/blog/wp-content/uploads/2017/03/IMG_6481.jpg\"><img alt=\"img_6481\" src=\"https://orchard.vn/blog/wp-content/uploads/2017/03/IMG_6481.jpg\" style=\"height:341px; width:512px\" /></a></p>\r\n\r\n<p><strong>2. CHỌN NƯỚC HOA TẶNG VỢ</strong></p>\r\n\r\n<p>Sau Mẹ th&igrave; chắc chắn phần c&ograve;n lại trong tr&aacute;i tim của mỗi người đ&agrave;n &ocirc;ng phải l&agrave; vị tr&iacute; d&agrave;nh cho vợ &ndash; người phụ nữ lu&ocirc;n mang theo t&igrave;nh y&ecirc;u để l&agrave;m h&agrave;nh trang c&ugrave;ng bạn đi đến hết cuộc đời. C&ugrave;ng nhau dưới một m&aacute;i nh&agrave; th&igrave; chắc hẳn bạn cũng kh&ocirc;ng qu&aacute; kh&oacute; để biết được loại nước hoa m&agrave; vợ y&ecirc;u th&iacute;ch &amp; hay d&ugrave;ng nhất nhưng nếu bạn muốn tạo cho b&agrave; x&atilde; một bất ngờ với những m&ugrave;i hương mới m&agrave; n&agrave;ng chưa từng thử qua th&igrave; sao? Bật m&iacute; với bạn l&agrave; khi người phụ nữ đ&atilde; lập gia đ&igrave;nh th&igrave; t&iacute;nh c&aacute;ch thường sẽ trở n&ecirc;n đằm thấm v&agrave; s&acirc;u sắc hơn, v&igrave; vậy bạn h&atilde;y chọn những m&ugrave;i hương nước hoa thật tinh tế, dịu d&agrave;ng v&agrave; ấm &aacute;p như ch&iacute;nh t&igrave;nh y&ecirc;u m&agrave; n&agrave;ng đ&atilde; d&agrave;nh trọn hết cho gia đ&igrave;nh m&agrave; cả hai đang c&ugrave;ng x&acirc;y đắp từng ng&agrave;y.</p>\r\n\r\n<p><img alt=\"loverseminar2\" src=\"https://orchard.vn/blog/wp-content/uploads/2017/03/loverseminar2.jpg\" style=\"height:342px; width:514px\" /></p>\r\n\r\n<p>Những gợi &yacute; m&agrave; bạn c&oacute; thể&nbsp;tham khảo để d&agrave;nh tặng cho vợ y&ecirc;u trong ng&agrave;y 8/3 n&agrave;y l&agrave;&nbsp;<a href=\"https://orchard.vn/calvin-klein-euphoria-for-women.html\">CK Euphoria For Women</a>&nbsp;vừa gợi cảm m&agrave; vẫn dịu &ecirc;m, m&ugrave;i hương phảng phất của hương&nbsp;hoa lan, hương gỗ, xạ hương v&agrave; hổ ph&aacute;ch.</p>\r\n\r\n<p><a href=\"https://orchard.vn/blog/wp-content/uploads/2017/03/CK-euphora-for-women-2.jpg\"><img alt=\"ck-euphora-for-women-2\" src=\"https://orchard.vn/blog/wp-content/uploads/2017/03/CK-euphora-for-women-2.jpg\" style=\"height:759px; width:569px\" /></a></p>\r\n\r\n<p>Một v&agrave;i sự lựa chọn kh&aacute;c l&agrave;&nbsp;<a href=\"https://orchard.vn/bvlgari-rose-essentielle.html\">BVLGARI Rose Essentielle</a>&nbsp;chứa đựng m&ugrave;i hương trang nh&atilde;&nbsp;của những đ&oacute;a hoa hồng l&agrave;m chủ đạo &nbsp;hay l&agrave; m&ugrave;i hương ngọt ng&agrave;o&nbsp;thanh lịch nhưng v&ocirc; c&ugrave;ng gợi cảm&nbsp;của&nbsp;<a href=\"https://orchard.vn/lancome-la-vie-est-belle.html\">Lanc&ocirc;me La Vie Est Belle</a>&nbsp;nổi bật với c&aacute;c nốt hương của vani, kẹo hạt dẻ, hổ ph&aacute;ch, hoắc hương v&agrave; hoa iris.</p>\r\n\r\n<p><a href=\"https://orchard.vn/blog/wp-content/uploads/2017/03/abc-NuocHoa4U-1482390458.jpg\"><img alt=\"abc-nuochoa4u-1482390458\" src=\"https://orchard.vn/blog/wp-content/uploads/2017/03/abc-NuocHoa4U-1482390458.jpg\" style=\"height:396px; width:549px\" /></a></p>\r\n\r\n<p><a href=\"https://orchard.vn/blog/wp-content/uploads/2017/03/IMG_5433-940x627.jpg\"><img alt=\"img_5433-940x627\" src=\"https://orchard.vn/blog/wp-content/uploads/2017/03/IMG_5433-940x627.jpg\" style=\"height:370px; width:556px\" /></a></p>\r\n\r\n<p><a href=\"https://orchard.vn/blog/wp-content/uploads/2017/03/Lancome-La-Vie-Est-Belle-600x440.jpg\"><img alt=\"lancome-la-vie-est-belle-600x440\" src=\"https://orchard.vn/blog/wp-content/uploads/2017/03/Lancome-La-Vie-Est-Belle-600x440.jpg\" style=\"height:414px; width:565px\" /></a></p>\r\n\r\n<p>Nếu cả hai &nbsp;l&agrave; một đ&ocirc;i vợ chồng trẻ th&igrave; bạn c&oacute; thể chọn m&ugrave;i hương nước hoa trẻ trung, hiện đại hơn nhưng vẫn gợi cảm v&agrave; c&oacute; n&eacute;t dịu d&agrave;ng b&iacute; ẩn như Lolita Lempicka, sẽ kh&ocirc;ng người phụ nữ&nbsp;n&agrave;o c&oacute; thể từ chối được hương thơm m&ecirc; hoặc đến thế n&agrave;y đ&acirc;u!</p>\r\n\r\n<p><img alt=\"img_7214\" src=\"https://orchard.vn/blog/wp-content/uploads/2017/03/IMG_7214.jpg\" style=\"height:402px; width:603px\" /></p>\r\n\r\n<p><strong>3. CHỌN NƯỚC HOA TẶNG BẠN G&Aacute;I, NGƯỜI Y&Ecirc;U</strong></p>\r\n\r\n<p>Kh&aacute;c với người phụ nữ đ&atilde; trở th&agrave;nh&nbsp;vợ của &nbsp;người đ&agrave;n &ocirc;ng m&agrave; họ tin tưởng, những c&ocirc; g&aacute;i đang y&ecirc;u th&igrave; lại c&oacute; tr&aacute;i tim v&ocirc; c&ugrave;ng đa cảm nhưng lại v&ocirc; c&ugrave;ng l&atilde;ng mạn v&igrave; n&agrave;ng đang được ch&igrave;m đắm trong mu&ocirc;n v&agrave;n cảm x&uacute;c của t&igrave;nh y&ecirc;u. Thế n&ecirc;n bạn h&atilde;y mang đến sự thăng hoa cho chuyện t&igrave;nh của cả hai bằng những m&ugrave;i hương ngọt ng&agrave;o, nồng n&agrave;n &amp; mang đến cho c&ocirc; ấy cảm gi&aacute;c như được lu&ocirc;n được n&acirc;ng niu, chiều chuộng trong từng ph&uacute;t gi&acirc;y.</p>\r\n\r\n<p><a href=\"https://orchard.vn/blog/wp-content/uploads/2017/03/gift-girlfriend.jpg\"><img alt=\"gift-girlfriend\" src=\"https://orchard.vn/blog/wp-content/uploads/2017/03/gift-girlfriend.jpg\" style=\"height:407px; width:589px\" /></a></p>\r\n\r\n<p>Để tạo ấn tượng với người y&ecirc;u của m&igrave;nh bạn h&atilde;y thử hương thơm dịu d&agrave;ng đến từ sự h&ograve;a&nbsp;quyện tinh tế của&nbsp;hoa hồng, hoa violet, quả đ&agrave;o v&agrave; xạ hương của&nbsp;<a href=\"https://orchard.vn/lancome-tresor-in-love.html\">Lanc&ocirc;me Tresor In Love</a>&nbsp;hoặc một sự lựa chọn tươi trẻ hơn, vừa c&oacute; n&eacute;t ng&acirc;y thơ trong s&aacute;ng lại vừa gợi cảm, cuốn h&uacute;t của loại nước hoa&nbsp;<a href=\"https://orchard.vn/victorias-secret-very-sexy-2014.html\">Victoria&rsquo;s Secret Very Sexy</a>&nbsp;sẽ l&agrave;m tan chảy tr&aacute;i tim của mọi c&ocirc; g&aacute;i.</p>\r\n\r\n<p><a href=\"https://orchard.vn/blog/wp-content/uploads/2017/03/3605532209005_Tresor_In_Love_1.jpg\"><img alt=\"3605532209005_tresor_in_love_1\" src=\"https://orchard.vn/blog/wp-content/uploads/2017/03/3605532209005_Tresor_In_Love_1.jpg\" style=\"height:595px; width:594px\" /></a></p>\r\n\r\n<p><a href=\"https://orchard.vn/blog/wp-content/uploads/2017/03/very-sexy-yeu-hang-ngoai-e1463108541797.jpg\"><img alt=\"very-sexy-yeu-hang-ngoai-e1463108541797\" src=\"https://orchard.vn/blog/wp-content/uploads/2017/03/very-sexy-yeu-hang-ngoai-e1463108541797.jpg\" style=\"height:360px; width:597px\" /></a></p>\r\n\r\n<p>Nếu bạn th&iacute;ch d&igrave;u n&agrave;ng v&agrave;o tận c&ugrave;ng của sự l&atilde;ng mạn th&igrave; sao lại kh&ocirc;ng thử&nbsp;<a href=\"https://orchard.vn/versace-bright-crystal-absolu.html\">Versace Bright Crystal Absolu</a>, loại nước hoa rực rỡ ng&aacute;t hương hoa sen, hoa mẫu đơn, quả d&acirc;u rừng v&agrave; hổ ph&aacute;ch.</p>\r\n\r\n<p><a href=\"https://orchard.vn/blog/wp-content/uploads/2017/03/nuoc-hoa-versace-bright-crystal-absolu-1m4G3-ad688f_simg_d0daf0_800x1200_max.jpg\"><img alt=\"nuoc-hoa-versace-bright-crystal-absolu-1m4g3-ad688f_simg_d0daf0_800x1200_max\" src=\"https://orchard.vn/blog/wp-content/uploads/2017/03/nuoc-hoa-versace-bright-crystal-absolu-1m4G3-ad688f_simg_d0daf0_800x1200_max.jpg\" style=\"height:430px; width:573px\" /></a></p>\r\n\r\n<p>Hoặc hơn thế nữa l&agrave; bạn c&oacute; thể biến n&agrave;ng trở th&agrave;nh c&ocirc; c&ocirc;ng ch&uacute;a lọ lem trong cổ t&iacute;ch với m&oacute;n qu&agrave; l&agrave; chai nước hoa&nbsp;<a href=\"https://orchard.vn/carolina-herrera-good-girl.html\">Carolina Herrera Good Girl&nbsp;</a>đầy ấn tượng trong thiết kế như một đ&ocirc;i gi&agrave;y thủy tinh chứa đựng hương thơm say đắm l&ograve;ng người được kết hợp từ hoa huệ,&nbsp;hoa nh&agrave;i, hạnh nh&acirc;n &amp; hạt c&agrave;-ph&ecirc;.</p>\r\n\r\n<p><img alt=\"carolina-herrera-good-girl\" src=\"https://orchard.vn/blog/wp-content/uploads/2017/03/Carolina-Herrera-GOOD-GIRL.jpg\" style=\"height:395px; width:592px\" /></p>\r\n\r\n<p><strong>4. CHỌN NƯỚC HOA TẶNG CHỊ/EM G&Aacute;I</strong></p>\r\n\r\n<p>Nếu đ&atilde; c&oacute; qu&agrave; tặng mẹ th&igrave; bạn cũng đừng qu&ecirc;n chọn qu&agrave; cho cả chị/em g&aacute;i nữa nh&eacute;. Với em g&aacute;i th&igrave; bạn n&ecirc;n chọn lựa những m&ugrave;i hương mang phong c&aacute;ch tươi trẻ, hiện đại ph&ugrave; hợp với lứa tuổi của em ấy. Bạn c&oacute; thể tham khảo hương thơm&nbsp;<a href=\"https://orchard.vn/dkny-be-delicious.html\">DKNY Be Delicious</a>&nbsp;m&aacute;t l&agrave;nh đầy sảng kho&aacute;i với hương thơm đặc trưng của t&aacute;o xanh, hoa mộc lan, hổ ph&aacute;ch hoặc m&ugrave;i hương thanh tho&aacute;t&nbsp;của&nbsp;<a href=\"https://orchard.vn/lancome-miracle.html\">Lanc&ocirc;me Miracle&nbsp;</a>sẽ mang đến sự thoải m&aacute;i dễ chịu cho c&ocirc; em g&aacute;i của bạn. Marc Jacobs cũng l&agrave; một thương hiệu rất được c&aacute;c c&ocirc; g&aacute;i trẻ y&ecirc;u th&iacute;ch bởi phong c&aacute;ch nhẹ nh&agrave;ng, tinh khiết v&agrave; trong s&aacute;ng của c&aacute;c hương thơm hoa cỏ dịu d&agrave;ng đến từ&nbsp;<a href=\"https://orchard.vn/marc-jacobs-daisy-for-women.html\">Marc Jacobs Daisy</a>&nbsp;v&agrave;&nbsp;<a href=\"https://orchard.vn/marc-jacobs-daisy-dream-for-women.html\">Marc Jacobs Daisy Dream</a>, trong khi đ&oacute;&nbsp;<a href=\"https://orchard.vn/marc-jacobs-decadence-for-women.html\">Marc Jacobs Decadence</a>&nbsp;lại mang đến phong c&aacute;ch v&ocirc; c&ugrave;ng s&agrave;nh điệu pha lẫn một ch&uacute;t tinh nghịch đ&aacute;ng y&ecirc;u cho c&ocirc; em g&aacute;i của bạn.</p>\r\n\r\n<p><a href=\"https://orchard.vn/blog/wp-content/uploads/2017/03/de-desired-dkny-5.jpg\"><img alt=\"de-desired-dkny-5\" src=\"https://orchard.vn/blog/wp-content/uploads/2017/03/de-desired-dkny-5.jpg\" style=\"height:371px; width:557px\" /></a></p>\r\n\r\n<p><a href=\"https://orchard.vn/blog/wp-content/uploads/2017/03/Copy-of-thumb_IMG_7575_1024.jpg\"><img alt=\"copy-of-thumb_img_7575_1024\" src=\"https://orchard.vn/blog/wp-content/uploads/2017/03/Copy-of-thumb_IMG_7575_1024.jpg\" style=\"height:385px; width:578px\" /></a></p>\r\n\r\n<p><a href=\"https://orchard.vn/blog/wp-content/uploads/2017/03/marc-jacobs-daisy-perfumes.jpg\"><img alt=\"marc-jacobs-daisy-perfumes\" src=\"https://orchard.vn/blog/wp-content/uploads/2017/03/marc-jacobs-daisy-perfumes.jpg\" style=\"height:345px; width:555px\" /></a></p>\r\n\r\n<p><a href=\"https://orchard.vn/blog/wp-content/uploads/2017/03/IMG_7221.jpg\"><img alt=\"img_7221\" src=\"https://orchard.vn/blog/wp-content/uploads/2017/03/IMG_7221.jpg\" style=\"height:396px; width:565px\" /></a></p>\r\n\r\n<p>C&ograve;n với chị g&aacute;i th&igrave; bạn n&ecirc;n chọn lựa những m&ugrave;i hương tinh tế, lịch sự v&agrave; nếu đ&oacute; c&ograve;n l&agrave; người chị cả th&igrave; loại nước hoa bạn tặng&nbsp;c&agrave;ng phải thể hiện được sự ch&iacute;n chắn của người phụ nữ trưởng th&agrave;nh. M&ugrave;i hương &nbsp;thanh lịch, nh&atilde; nhặn của&nbsp;<a href=\"https://orchard.vn/bvlgari-omnia-amethyste.html\">BVLGARI Omnia Amethyste&nbsp;</a>sẽ th&iacute;ch hợp với những ai y&ecirc;u th&iacute;ch những loại nước hoa c&oacute; hoa hồng v&agrave; hoa iris.&nbsp;<a href=\"https://orchard.vn/gucci-premiere-for-women-edp.html\">Gucci Premiere</a>&nbsp;v&agrave;&nbsp;<a href=\"https://orchard.vn/valentino-valentina-for-women.html\">Valentino Valentina</a>&nbsp;sẽ l&agrave; gợi &yacute; ho&agrave;n hảo nếu chị g&aacute;i của bạn th&iacute;ch phong c&aacute;ch sang trọng, thanh lịch với m&ugrave;i hương hoa nh&agrave;i ngọt dịu k&ecirc;t hợp với hương thơm ấm &aacute;p của gỗ. &nbsp;<a href=\"https://orchard.vn/chanel-coco-mademoiselle-edp.html\">Chanel Coco Mademoiselle</a>&nbsp;ch&iacute;nh l&agrave; m&oacute;n qu&agrave; kh&ocirc;ng thể ho&agrave;n hảo hơn để bạn d&agrave;nh tặng cho người chị th&acirc;n y&ecirc;u của m&igrave;nh, m&ugrave;i hương sang trọng, qu&yacute; ph&aacute;i m&agrave; lại kh&ocirc;ng qu&aacute; trịnh trọng rất th&iacute;ch hợp để d&ugrave;ng hằng ng&agrave;y hay cả đi tiệc, loại nước hoa&nbsp;n&agrave;y l&agrave; sự kết hợp kh&eacute;o l&eacute;o giữa hoa hồng, hoa nh&agrave;i, hoa mimosa, hoa cam, hoắc hương, cỏ hương b&agrave;i v&agrave; xạ hương.</p>\r\n\r\n<p><a href=\"https://orchard.vn/blog/wp-content/uploads/2017/03/bvlgari-omnia-amethyste-3.jpg\"><img alt=\"bvlgari-omnia-amethyste-3\" src=\"https://orchard.vn/blog/wp-content/uploads/2017/03/bvlgari-omnia-amethyste-3.jpg\" style=\"height:378px; width:569px\" /></a></p>\r\n\r\n<p><a href=\"https://orchard.vn/blog/wp-content/uploads/2017/03/Valentino-1.jpg\"><img alt=\"valentino-1\" src=\"https://orchard.vn/blog/wp-content/uploads/2017/03/Valentino-1.jpg\" style=\"height:362px; width:543px\" /></a></p>\r\n\r\n<p><a href=\"https://orchard.vn/blog/wp-content/uploads/2017/03/DSC00888.jpg\"><img alt=\"dsc00888\" src=\"https://orchard.vn/blog/wp-content/uploads/2017/03/DSC00888.jpg\" style=\"height:470px; width:540px\" /></a></p>\r\n\r\n<p><a href=\"https://orchard.vn/blog/wp-content/uploads/2017/03/IMG_9106.jpg\"><img alt=\"img_9106\" src=\"https://orchard.vn/blog/wp-content/uploads/2017/03/IMG_9106.jpg\" style=\"height:357px; width:536px\" /></a></p>\r\n\r\n<p><strong>V&igrave; l&agrave; một nửa của thế giới n&ecirc;n ph&aacute;i đẹp lu&ocirc;n xứng đ&aacute;ng nhận được sự tr&acirc;n trọng v&agrave; y&ecirc;u thương của tất cả ch&uacute;ng ta v&igrave; vậy đ&acirc;y kh&ocirc;ng chỉ l&agrave; những m&oacute;n qu&agrave; d&agrave;nh ri&ecirc;ng trong ng&agrave;y 8/3 m&agrave; bạn vẫn c&oacute; thể gủi tặng đến với những người phụ nữ th&acirc;n y&ecirc;u của bạn bất cứ l&uacute;c n&agrave;o. Tất nhi&ecirc;n nếu được nhận những qu&agrave; tặng nước hoa n&agrave;y v&agrave;o đ&uacute;ng ng&agrave;y t&ocirc;n vinh phụ nữ 8/3 th&igrave; chắc chắn sẽ c&oacute; &yacute; nghĩa hơn rất nhiều phải kh&ocirc;ng n&agrave;o?</strong></p>\r\n\r\n<p><strong>Tr&iacute;ch từ:&nbsp;<a href=\"https://orchard.vn/blog/chon-qua-tang-nuoc-hoa-83-cho-nhung-nguoi-phu-nu-than-yeu/\">https://orchard.vn/blog/chon-qua-tang-nuoc-hoa-83-cho-nhung-nguoi-phu-nu-than-yeu/</a></strong></p>\r\n', '2017-04-24', 1, 'Chọn Quà Tặng Nước Hoa 8/3 Cho Những Người Phụ Nữ Thân Yêu', 'qua_8_3.PNG', '<p>Tặng qu&agrave; 8/3 thế n&agrave;o cho &quot;đ&uacute;ng điệu&quot; l&agrave; điều kh&ocirc;ng đơn giản. Tặng g&igrave;, c&aacute;ch tặng ra sao sẽ tiết lộ kh&ocirc;ng &iacute;t bản chất b&ecirc;n trong v&agrave; sự tinh tế trong ứng xử của bạn</p>\r\n');
INSERT INTO `baiviet` (`idBV`, `idSP`, `NoiDung`, `NgayCapNhat`, `AnHien`, `TieuDe`, `img`, `MoTa`) VALUES
(7, 1, '<p><strong>Kh&aacute;c với những m&ugrave;i hương nồng n&agrave;n, ngọt ng&agrave;o của m&ugrave;a đ&ocirc;ng. V&agrave;o m&ugrave;a xu&acirc;n, thứ nước hoa l&yacute; tưởng thường l&agrave; loại m&ugrave;i hương dịu nhẹ khơi gợi được nhiều x&uacute;c cảm d&agrave;nh cho ph&aacute;i nữ cũng như cho qu&yacute; &ocirc;ng. Giữa h&agrave;ng ng&agrave;n hương thơm huyễn hoặc, bạn sẽ chọn m&ugrave;i hương n&agrave;o để trở th&agrave;nh một thứ trang sức đắt gi&aacute; trong m&ugrave;a xu&acirc;n n&agrave;y. H&atilde;y c&ugrave;ng ch&uacute;ng t&ocirc;i tham khảo 10 gợi &yacute; đắt gi&aacute; dưới đ&acirc;y để c&oacute; th&ecirc;m lựa chọn cho m&igrave;nh.</strong></p>\r\n\r\n<p>&nbsp;</p>\r\n\r\n<h3><strong>1.&nbsp;<a href=\"http://perfume168.com/nuoc-hoa/23232guess-women--1198\">Guess For Women</a></strong></h3>\r\n\r\n<p><strong>Guess For Women</strong>&nbsp;vừa thể hiện n&eacute;t trẻ trung, hiện đại vừa l&agrave;m to&aacute;t l&ecirc;n vẻ mềm mại, nữ t&iacute;nh nhưng cũng kh&ocirc;ng k&eacute;m phần quyến rũ, gợi cảm v&agrave; sang trọng.<a href=\"http://perfume168.com/nuoc-hoa/23232guess-women--1198\"><strong>Guess For Women</strong></a>&nbsp;mang m&ugrave;i hương ho&agrave;n hảo từ những lớp hương đầu ti&ecirc;n cho đến tận những lớp hương cuối c&ugrave;ng.</p>\r\n\r\n<p><img alt=\"\" src=\"http://perfume168.com/Images/Media/2016/12/Guess%20for%20Women.jpg\" /></p>\r\n\r\n<p>D&ograve;ng&nbsp;<a href=\"http://perfume168.com/\">nước hoa</a>&nbsp;n&agrave;y ph&ugrave; hợp sử dụng v&agrave;o mọi thời điểm, đặc biệt v&agrave;o m&ugrave;a xu&acirc;n v&agrave; h&egrave; khi tiết trời bắt đầu ấm n&oacute;ng th&igrave; đ&acirc;y l&agrave; một sự lựa chọn tuyệt vời. Bạn c&oacute; thể sử dụng v&agrave;o mỗi s&aacute;ng trước khi đi l&agrave;m hay những buổi tiệc sang trọng hoặc những buổi hẹn h&ograve; l&atilde;ng mạn.</p>\r\n\r\n<p>&nbsp;</p>\r\n\r\n<p><strong>2.&nbsp;<a href=\"http://perfume168.com/nuoc-hoa/12321bvlgari-aqua-marine-men-1294\">Bvlgari Aqva Marine</a></strong></p>\r\n\r\n<p><strong>Aqva Marine</strong>&nbsp;l&agrave; phi&ecirc;n bản tiếp nối th&agrave;nh c&ocirc;ng của nước hoa&nbsp;<strong><a href=\"http://perfume168.com/nuoc-hoa-bvlgari-115-82-0-/2/1\">Bvlgari</a>&nbsp;<a href=\"http://perfume168.com/tim-kiem?brandsonid=0&amp;search=Bvlgari+Aqua+Pour+Homme\">Aqva Pour Homme</a></strong>&nbsp;ra mắt v&agrave;o năm 2005. So với phi&ecirc;n bản đầu ti&ecirc;n th&igrave;&nbsp;<a href=\"http://perfume168.com/nuoc-hoa/12321bvlgari-aqua-marine-men-1294\"><strong>Aqva Marine</strong>&nbsp;</a>c&oacute; m&ugrave;i hương thật sự tươi m&aacute;t v&agrave; sảng kho&aacute;i hơn kh&aacute; nhiều nhờ sự gia tăng đ&aacute;ng kể c&aacute;c nh&oacute;m hương tươi m&aacute;t của cam, qu&yacute;t, bưởi v&agrave; hương nước. Điểm đặc biệt của c&aacute;c d&ograve;ng Aqva l&agrave; nốt hương tảo biển mang đậm hơi thở của đại dương bao la. Th&agrave;nh phần gỗ trong chai&nbsp;<a href=\"http://perfume168.com/\">nước hoa</a>&nbsp;n&agrave;y l&agrave; gỗ tuyết t&ugrave;ng kết hợp với hổ ph&aacute;ch tạo một ch&uacute;t vị ngọt ấm ở tinh tế ở lớp hương cuối c&ugrave;ng v&agrave; giữa cho hương thơm được bền m&ugrave;i hơn sẽ gi&uacute;p c&aacute;c&nbsp;<a href=\"http://perfume168.com/nuoc-hoa-nam-182-82-0-/0/1\">ch&agrave;ng trai</a>&nbsp;cực kỳ cuốn h&uacute;t trong thời tiết xu&acirc;n h&egrave;.</p>\r\n\r\n<p><img alt=\"\" src=\"http://perfume168.com/Images/Media/2016/12/Aqva%20Marine.jpg\" style=\"height:407px; width:543px\" /></p>\r\n\r\n<p>&nbsp;</p>\r\n\r\n<p><strong>3.&nbsp;<a href=\"http://perfume168.com/nuoc-hoa/12321viktor---rolf-flowerbomb-women-2069\">Flower Bomb của Viktor &amp; Rolf</a></strong></p>\r\n\r\n<p>Đ&acirc;y hẳn l&agrave; thứ&nbsp;<a href=\"http://perfume168.com/\">nước hoa</a>&nbsp;xinh xắn nhất m&agrave; bạn c&oacute; trong m&ugrave;a xu&acirc;n n&agrave;y. Ngay từ c&aacute;i t&ecirc;n&nbsp;<strong><a href=\"http://perfume168.com/nuoc-hoa/12321viktor---rolf-flowerbomb-women-2069\">Flower Bomb</a></strong>, loại nước hoa n&agrave;y đ&atilde; ngấm ngầm b&aacute;o hiệu một thứ hương thơm chết người v&agrave; ấm nồng m&ugrave;i vị m&ugrave;a xu&acirc;n.</p>\r\n\r\n<p><img alt=\"\" src=\"http://perfume168.com/Images/Media/2016/12/Flower%20Bomb.jpg\" style=\"height:522px; width:522px\" /></p>\r\n\r\n<p>Từ những hương thơm đầu ti&ecirc;n, m&ugrave;i tr&agrave; xanh v&agrave; cam bergamot tạo n&ecirc;n một cảm gi&aacute;c thật nhẹ nh&agrave;ng v&agrave; dễ chịu. Tiếp theo đ&oacute;, hương hoa nh&agrave;i, hoa hồng v&agrave; lan nam phi h&ograve;a quyện tạo th&agrave;nh hương giữa nồng n&agrave;n. V&agrave; cuối c&ugrave;ng, hương cuối l&agrave; tổng thể ấm &aacute;p của đ&agrave;n hương v&agrave; hoắc hương đ&atilde; chốt lại một bản h&ograve;a &acirc;m đầy tươi mới v&agrave; duy&ecirc;n d&aacute;ng cho&nbsp;<a href=\"http://perfume168.com/nuoc-hoa-nu-183-83-0-/0/1\">nước hoa nữ</a>&nbsp;<strong>Flower Bomb&nbsp;</strong>của&nbsp;<a href=\"http://perfume168.com/nuoc-hoa-viktor---rolf-1108-83-0-/2/1\">thương hiệu Viktor &amp; Rolf</a>.</p>\r\n\r\n<p>&nbsp;</p>\r\n\r\n<p><strong>4.&nbsp;<a href=\"http://perfume168.com/nuoc-hoa/12321versace-man-eau-fraiche-1643\">Versace Man Eau Fraiche</a></strong></p>\r\n\r\n<p><strong><img alt=\"\" src=\"http://perfume168.com/Images/Media/2016/12/Versace%20Man%20Eau%20Fraiche.jpg\" style=\"height:455px; width:455px\" /></strong></p>\r\n\r\n<p><strong>Versace Man Eau Fraiche</strong>&nbsp;l&agrave; một m&ugrave;i hương ho&agrave;n hảo cho những qu&yacute; &ocirc;ng trẻ trung, lu&ocirc;n y&ecirc;u th&iacute;ch sự tự do kh&ocirc;ng bị g&ograve;&nbsp;b&oacute; bởi những luật lệ của cuộc sống. C&aacute;c loại gia vị nhẹ&nbsp;như bạch đ&acirc;u khấu, nghệ t&acirc;y, ngải giấm kết hợp một c&aacute;ch ăn &yacute; với hương thơm đầy năng lượng của chanh trắng tr&ecirc;n nền h&ograve;a trộn của gồ hồng mộc, gỗ tuyết t&ugrave;ng, hương gỗ thơm. Tuy c&oacute; sự kết hợp của kh&aacute; nhiều loại gỗ như vậy nhưng khi sử dụng&nbsp;<a href=\"http://perfume168.com/nuoc-hoa-nam-182-82-0-/0/1\">nước hoa nam</a>&nbsp;<strong><a href=\"http://perfume168.com/nuoc-hoa/12321versace-man-eau-fraiche-1643\">Versace Man Eau Fraiche</a></strong>&nbsp;bạn sẽ ho&agrave;n to&agrave;n cảm nhận được l&agrave;n hương tươi mới, nhẹ nh&agrave;ng m&agrave; vẫn rất cuốn h&uacute;t trong thời tiết dịu nhẹ của m&ugrave;a xu&acirc;n.</p>\r\n\r\n<p>&nbsp;</p>\r\n\r\n<p><strong>5.&nbsp;<a href=\"http://perfume168.com/nuoc-hoa/12321gucci-flora-by-gucci-edt-women-tester-1046\">Flora by Gucci&nbsp;</a></strong></p>\r\n\r\n<p>C&aacute;c nh&agrave; s&aacute;ng tạo của&nbsp;<a href=\"http://perfume168.com/nuoc-hoa-gucci-149-83-0-/2/1\"><em>Gucci</em></a>&nbsp;đ&atilde; th&agrave;nh c&ocirc;ng khi lấy c&ocirc;ng nương Monaco -&nbsp;Grace Kelly<strong>&nbsp;-&nbsp;</strong>gần như trở th&agrave;nh biểu tượng của n&eacute;t nữ t&iacute;nh, ki&ecirc;u k&igrave; l&agrave;m n&agrave;ng thơ để mang đến&nbsp;<a href=\"http://perfume168.com/nuoc-hoa-nu-183-83-0-/0/1\">hương thơm</a>&nbsp;trọn vẹn trong chai nước hoa&nbsp;<a href=\"https://perfumista.vn/nuoc-hoa-nu-flora-by-gucci-cua-hang-gucci.html\"><strong><em>Flora</em></strong></a>. M&ugrave;i hương đầu ti&ecirc;n l&agrave; sự pha trộn thơm ng&aacute;t của hoa mẫu đơn, hoa cam, hoa hồng. Tiếp đến m&ugrave;i hương cơ sở ẩn chứa n&eacute;t th&acirc;m trầm của gỗ đ&agrave;n hương v&agrave; hoắc hương. C&oacute; thể n&oacute;i rằng hương thơm cao cấp n&agrave;y sẵn s&agrave;ng &quot;g&acirc;y nghiện&quot; cho bất k&igrave; qu&yacute; c&ocirc; n&agrave;o kh&oacute; t&iacute;nh nhất.</p>\r\n\r\n<p>&nbsp;</p>\r\n\r\n<p><img alt=\"\" src=\"http://perfume168.com/Images/Media/2016/12/Gucci%20Flora%20Eau%20Fraiche%202.jpg\" /></p>\r\n\r\n<p>&nbsp;</p>\r\n\r\n<p><strong>6.&nbsp;<a href=\"http://perfume168.com/nuoc-hoa/12321chanel-coco-mademoiselle-women-1115\">Chanel Coco Mademoiselle</a></strong></p>\r\n\r\n<p>Tr&igrave;nh l&agrave;ng năm 2001,&nbsp;<strong>Coco Mademoiselle</strong>&nbsp;cũng l&agrave; d&ograve;ng nước hoa được săn đ&oacute;n của&nbsp;<a href=\"http://perfume168.com/nuoc-hoa-chanel-120-83-0-/2/1\">Chanel</a>.&nbsp;<strong><a href=\"http://perfume168.com/nuoc-hoa/12321chanel-coco-mademoiselle-women-1115\">Coco Mademoiselle</a></strong>&nbsp;l&agrave; loại nước hoa kết hợp ho&agrave;n hảo giữa sự qu&yacute; ph&aacute;i truyền thống của Chanel lừng danh v&agrave; sự trẻ trung vốn kh&ocirc;ng thường gặp ở nước hoa nh&atilde;n hiệu n&agrave;y.</p>\r\n\r\n<p>Điều đặc biệt của&nbsp;<a href=\"http://perfume168.com/nuoc-hoa-nu-183-83-0-/0/1\">nước hoa nữ</a>&nbsp;<strong>Chanel Coco Mademoiselle</strong>&nbsp;ở chỗ n&oacute; kết hợp với m&ugrave;i cơ thể từng người để tạo ra thứ m&ugrave;i hương vừa thời thượng, trẻ trung lại mang dấu ấn c&aacute; nh&acirc;n ri&ecirc;ng biệt.</p>\r\n\r\n<p>&nbsp;</p>\r\n\r\n<p><img alt=\"\" src=\"http://perfume168.com/Images/Media/2016/12/Coco%20Mademoiselle.png\" style=\"height:423px; width:604px\" /></p>\r\n\r\n<p>Những phụ nữ trẻ th&iacute;ch phong c&aacute;ch thanh lịch, qu&yacute; ph&aacute;i n&ecirc;n đưa ngay&nbsp;<strong>Coco Mademoiselle</strong>&nbsp;v&agrave;o danh s&aacute;ch l&agrave;m đẹp.&nbsp;</p>\r\n\r\n<p>&nbsp;</p>\r\n\r\n<p><strong>7.&nbsp;<a href=\"http://perfume168.com/nuoc-hoa/12321d-g-light-blue-pour-homme-1389\">Dolce&amp;Gabbana Light Blue&nbsp;Pour Homme</a></strong></p>\r\n\r\n<p><strong>Light Blue</strong>&nbsp;l&agrave; d&ograve;ng&nbsp;<a href=\"http://perfume168.com/\">nước hoa</a>&nbsp;kh&ocirc;ng c&ograve; xa lạ với những ai y&ecirc;u th&iacute;ch nước hoa của&nbsp;<a href=\"http://perfume168.com/nuoc-hoa-dolce---gabbana-136-82-0-/2/1\">thương hiệu&nbsp;Dolce&amp;Gabbana</a>, đ&acirc;y l&agrave; một hương thơm dễ d&ugrave;ng mang sự h&ograve;a trộn&nbsp;giữa cam, chanh, hương thảo v&agrave; hương gỗ. Loại gỗ sử dụng trong d&ograve;ng nước hoa n&agrave;y&nbsp;l&agrave; gỗ hồng mộc Brazil v&agrave; gỗ sồi, cả hai nốt hương n&agrave;y đều kh&ocirc;ng qu&aacute; mạnh để &aacute;t mất sự tươi m&aacute;t của c&aacute;c lớp hương kh&aacute;c. Ngược lại đ&oacute; lại l&agrave; một sự kết hợp kh&eacute;o l&eacute;o tỉ lệ giữa c&aacute;c th&agrave;nh phần để&nbsp;<a href=\"http://perfume168.com/nuoc-hoa/12321d-g-light-blue-pour-homme-1389\"><strong>Lighh Blue Pour Homme</strong></a>&nbsp;vẫn đủ độ m&aacute;t mẻ m&agrave; vẫn giữ độ lưu hương kh&aacute; tốt cho c&aacute;c ph&aacute;i mạnh.</p>\r\n\r\n<p>&nbsp;</p>\r\n\r\n<p><img alt=\"\" src=\"http://perfume168.com/Images/Media/2016/12/Ligh%20Blue%20Pour%20Homme.jpg\" style=\"height:447px; width:690px\" /></p>\r\n\r\n<p>&nbsp;</p>\r\n\r\n<h3><strong>8.&nbsp;<a href=\"http://perfume168.com/nuoc-hoa/12321marc-jacobs-daisy-eau-de-parfum-women-tester-2099\">Marc Jacobs Daisy</a></strong></h3>\r\n\r\n<p>Phi&ecirc;n bản&nbsp;<a href=\"http://perfume168.com/nuoc-hoa-nu-183-83-0-/0/1\">nước hoa nữ</a>&nbsp;<strong>Marc Jacobs Daisy Eau De Parfum</strong>&nbsp;l&agrave;&nbsp;sản phẩm nước hoa&nbsp;cao cấp d&agrave;nh cho ph&aacute;i nữ của&nbsp;<a href=\"http://perfume168.com/nuoc-hoa-marc-jacobs-177-83-0-/2/1\">thương hiệu Marc Jacobs</a>&nbsp;v&agrave;&nbsp;đ&atilde; được ra đời&nbsp;v&agrave;o năm 2008 bởi b&agrave;n tay điều chế t&agrave;i ba của&nbsp;Alberto Morillas. C&aacute;c nốt hương trong phi&ecirc;n bản Daisy gốc vẫn được giữ nguy&ecirc;n, nhưng c&oacute; phần đậm đặc hơn. D&ograve;ng&nbsp;nước hoa&nbsp;n&agrave;y tuy mang đậm bản sắc của d&ograve;ng Daisy&nbsp;phi&ecirc;n bản gốc nhưng ch&uacute;ng đ&atilde; được pha một ch&uacute;t trưởng th&agrave;nh, ch&iacute;nh chắn hơn trong m&ugrave;i hương.</p>\r\n\r\n<p><img alt=\"\" src=\"http://perfume168.com/Images/Media/2016/12/Marc%20Jacobs%20Daisy.jpg\" style=\"height:594px; width:469px\" /></p>\r\n\r\n<p>Đ&acirc;y sẽ d&ograve;ng sản phẩm tuyệt vời nằm trong những&nbsp;sự lựa chọn h&agrave;ng đầu&nbsp;của c&aacute;c bạn nữ ưa chuộng sự trẻ trung pha lẫn một ch&uacute;t trưởng th&agrave;nh. Ch&uacute;ng sẽ l&agrave;m bạn tr&ocirc;ng như một người phụ nữ chớm bước qua tuổi trưởng th&agrave;nh.&nbsp;Đặc biệt,&nbsp;<a href=\"http://perfume168.com/nuoc-hoa/12321marc-jacobs-daisy-eau-de-parfum-women-tester-2099\"><strong>Marc Jacobs Daisy Eau De Parfum</strong></a>&nbsp;sẽ l&agrave;m tốt nhiệm vụ của ch&uacute;ng khi được bạn sử dụng trong m&ugrave;a xu&acirc;n hoặc h&egrave;.</p>\r\n\r\n<h3><strong>9.&nbsp;<a href=\"http://perfume168.com/nuoc-hoa/12321burberry-brit-rhythm-for-her-floral-1474\">Burberry Brit Rhythm For Her Floral</a></strong></h3>\r\n\r\n<p><img alt=\"\" src=\"http://perfume168.com/Images/Media/2016/12/Burberry%20Brit%20Rhythm%20For%20Her%20Floral.jpg\" style=\"height:580px; width:448px\" /></p>\r\n\r\n<p>&nbsp;</p>\r\n\r\n<p>Lấy cảm hứng từ l&agrave;ng nhạc Rock,&nbsp;<a href=\"http://perfume168.com/nuoc-hoa-burberry-114-83-0-/2/1\">Burberry</a>&nbsp;giới thiệu&nbsp;<strong>Brit Rhythm for Her Floral&nbsp;</strong>v&agrave;o năm 2015.&nbsp;<a href=\"http://perfume168.com/nuoc-hoa/12321burberry-brit-rhythm-for-her-floral-1474\"><strong>Brit Rhythm For Her Flora</strong>l</a>&nbsp;bao gồm th&agrave;nh phần hương hoa gợi cảm l&agrave;m gi&agrave;u bằng tr&aacute;i c&acirc;y họ cam qu&yacute;t. Mở đầu với c&aacute;c hương thơm mới của chanh từ Sicily v&agrave; cam; hương giữa của hoa nh&agrave;i Ai Cập, hoa sen v&agrave; hoa c&agrave;, Woods, hổ ph&aacute;ch v&agrave; xạ hương kết th&uacute;c th&agrave;nh phần hương cuối chắc chắn sẽ mang đến sự ngọt ng&agrave;o, quyến rũ kh&ocirc;ng thể cưỡng lại d&agrave;nh cho&nbsp;c&aacute;c n&agrave;ng.</p>\r\n\r\n<p>&nbsp;</p>\r\n\r\n<p><strong>10.&nbsp;<a href=\"http://perfume168.com/nuoc-hoa/12321kenzo-flower-by-kenzo-eau-de-parfum-2147\">Flower By Kenzo</a></strong></p>\r\n\r\n<p>Thu h&uacute;t từ thiết kế đặc biệt với biểu trưng lo&agrave;i hoa anh t&uacute;c in tr&ecirc;n th&acirc;n chai,&nbsp;<strong>Flower By Kenzo</strong>&nbsp;khiến người kh&aacute;c kh&ocirc;ng thể qu&ecirc;n nếu đ&atilde; d&ugrave;ng qua một lần.</p>\r\n\r\n<p>Chiết xuất từ hoa c&acirc;y t&aacute;o gai, hoa hồng Bulgari, hoa violet Parma, cassia, opoponax, xạ hương trắng, vani,&nbsp;<a href=\"http://perfume168.com/\">nước hoa</a>&nbsp;<strong>Flower By Kenzo</strong>&nbsp;mang vẻ đẹp l&atilde;ng mạn, trữ t&igrave;nh cho những phụ nữ hiện đại lu&ocirc;n biết m&igrave;nh muốn g&igrave;.</p>\r\n\r\n<p>&nbsp;</p>\r\n\r\n<p><img alt=\"\" src=\"http://perfume168.com/Images/Media/2016/12/Flower%20By%20Kenzo.jpg\" style=\"height:464px; width:717px\" /></p>\r\n\r\n<p>&nbsp;</p>\r\n\r\n<p>M&ugrave;i hương của<strong>&nbsp;<a href=\"http://perfume168.com/nuoc-hoa/12321kenzo-flower-by-kenzo-eau-de-parfum-2147\">Flower By Kenzo</a></strong>&nbsp;kh&ocirc;ng ngọt m&agrave; thơm s&acirc;u m&ugrave;i phấn hoa bện với m&ugrave;i cơ thể tạo th&agrave;nh một m&ugrave;i hương rất &quot;đ&agrave;n b&agrave;&quot;. Hương thơm nồng n&agrave;n, gợi cảm đ&oacute; c&oacute; thể m&ecirc; hoặc bất cứ c&aacute;nh m&agrave;y r&acirc;u n&agrave;o.</p>\r\n\r\n<p>&nbsp;</p>\r\n\r\n<p><strong>Perfume168 tổng hợp.</strong></p>\r\n', '2021-04-24', 1, '10 GỢI Ý HƯƠNG NƯỚC HOA TƯƠI MỚI CHO NÀNG VÀ CHÀNG VÀO MÙA XUÂN', 'goiy.PNG', '<p>Kh&aacute;c với những m&ugrave;i hương nồng n&agrave;n, ngọt ng&agrave;o của m&ugrave;a đ&ocirc;ng. V&agrave;o m&ugrave;a xu&acirc;n, thứ nước hoa l&yacute; tưởng thường l&agrave; loại m&ugrave;i hương dịu nhẹ khơi gợi được nhiều x&uacute;c cảm d&agrave;nh cho ph&aacute;i nữ cũng như cho qu&yacute; &ocirc;ng.</p>\r\n'),
(8, 1, '<p><strong>Ở v&ugrave;ng kh&iacute; hậu nhiệt đới n&oacute;ng ẩm của Việt Nam th&igrave; sẽ thật sự l&agrave; thiếu s&oacute;t nếu bạn kh&ocirc;ng thủ sẵn cho m&igrave;nh những&nbsp;m&ugrave;i hương nước hoa thơm m&aacute;t c&oacute; khả năng &ldquo;giải nhiệt&rdquo; nhanh ch&oacute;ng cảm gi&aacute;c n&oacute;ng bức &nbsp;trong những ng&agrave;y nắng oi ả, đặc biệt l&agrave; trong thời điểm m&ugrave;a H&egrave;.</strong></p>\r\n\r\n<p><strong>1.&nbsp;<a href=\"http://perfume168.com/nuoc-hoa/12321giogio-armani-acqua-di-gio-men-1811\">Giorgio Armani Acqua Di Gio</a></strong></p>\r\n\r\n<p>Chắc kh&ocirc;ng cần phải giới thiệu nhiều về loại nước hoa n&agrave;y phải kh&ocirc;ng n&agrave;o?.&nbsp;<a href=\"http://perfume168.com/nuoc-hoa/12321giogio-armani-acqua-di-gio-men-1811\">Giorgio Armani Acqua Di Gio</a>&nbsp;lu&ocirc;n l&agrave; một trong những m&ugrave;i hương m&ugrave;a H&egrave; kinh điển nhất của ph&aacute;i mạnh trong suốt h&agrave;ng thập kỷ qua. M&ugrave;i hương trong suốt như sương g&oacute;i gọn cả bầu kh&iacute; quyển của những v&ugrave;ng biển Địa Trung Hải được m&ocirc; tả bằng m&ugrave;i hương đặc trưng của c&aacute;c loại quả họ cam, chanh v&agrave; tất nhi&ecirc;n kh&ocirc;ng thể thiếu sự hiện diện của hương gỗ tuyết t&ugrave;ng &amp; xa hương g&oacute;p phần tạo n&ecirc;n sự nam t&iacute;nh, mạnh mẽ.</p>\r\n\r\n<p><img alt=\"\" src=\"http://perfume168.com/Images/Media/2017/4/1250090735-1_u_3-768x768.jpg\" style=\"height:491px; width:491px\" /></p>\r\n\r\n<p>&nbsp;</p>\r\n\r\n<p><strong>2.&nbsp;<a href=\"http://perfume168.com/nuoc-hoa/12321ralph-lauren-polo-blue-men-1755\">Ralph Lauren Polo Blue</a></strong></p>\r\n\r\n<p>Trong l&agrave;nh v&agrave; sảng khoải, m&ugrave;i hương của d&ograve;ng nước hoa&nbsp;<a href=\"http://perfume168.com/nuoc-hoa/12321ralph-lauren-polo-blue-men-1755\">Ralph Lauren Polo Blue</a>&nbsp;mang đến cho bạn trải nghiệm m&ugrave;a H&egrave; với kh&ocirc;ng gian tho&aacute;ng đ&atilde;ng tr&atilde;i d&agrave;i v&ocirc; tận, bạn cảm nhận được m&agrave;u xanh của cả bầu trời v&agrave; biển cả. Th&agrave;nh quả đ&oacute; l&agrave; do sự kết hợp t&agrave;i t&igrave;nh giữa hương thơm của những quả mọng nước (dưa chuột, dưa lưới, quả qu&yacute;t) c&ugrave;ng với c&aacute;c loại thảo mộc (h&uacute;ng quế, hương thảo, hoa phong lữ), đặc biệt tuy l&agrave; m&ugrave;i hương m&ugrave;a H&egrave; nhưng vẫn c&oacute; một ch&uacute;t g&igrave; đ&oacute; rất gợi t&igrave;nh từ xạ hương v&agrave; da thuộc.</p>\r\n\r\n<p><img alt=\"\" src=\"http://perfume168.com/Images/Media/2017/4/s7-378915_lifestyle.jpg\" style=\"height:537px; width:428px\" /></p>\r\n\r\n<p><strong>3.&nbsp;<a href=\"http://perfume168.com/nuoc-hoa/12321calvin-klein-ck-one-gold-2605\">Calvin Klein CK One Gold</a></strong></p>\r\n\r\n<p>Nếu bạn kh&ocirc;ng phải l&agrave; t&iacute;n đồ của kiểu nước hoa m&ugrave;i biển, m&ugrave;i nước th&igrave; sao nhỉ? H&atilde;y thử trải nghiệm m&ugrave;a H&egrave; theo c&aacute;ch của ri&ecirc;ng bạn với&nbsp;<a href=\"http://perfume168.com/nuoc-hoa/12321calvin-klein-ck-one-gold-2605\">Calvin Klein CK One Gold</a>&nbsp;nh&eacute;, sẽ v&ocirc; c&ugrave;ng th&uacute; vị đấy. Đ&acirc;y l&agrave; phi&ecirc;n bản mới nhất của d&ograve;ng nước hoa Ck One v&agrave; hứa hẹn sẽ mở ra cho bạn một kh&ocirc;ng gian tr&agrave;n đầy hương vị m&ugrave;a H&egrave; nhiệt đới nhẹ nh&agrave;ng, dễ chịu như đang đ&oacute;n nhận từng cơn gi&oacute; thoảng qua. CK One Gold nổi bật với m&ugrave;i hương của quả sung, hoa nh&agrave;i, cam bergamot, c&acirc;y x&ocirc; thơm, hoa violete, cỏ hương b&agrave;i, hương gỗ v&agrave; hoắc hương.</p>\r\n\r\n<p>&nbsp;</p>\r\n\r\n<p><img alt=\"\" src=\"http://perfume168.com/Images/Media/2017/4/CK-One-Gold-EDT-Review.jpg\" style=\"height:404px; width:539px\" /></p>\r\n\r\n<p>&nbsp;</p>\r\n\r\n<p><strong>4.&nbsp;<a href=\"http://perfume168.com/nuoc-hoa/12321chanel-allure-sport-cologne-2590\">Chanel Allure Sport Cologne</a></strong></p>\r\n\r\n<p>Từ t&ecirc;n gọi&nbsp;<a href=\"http://perfume168.com/nuoc-hoa/12321chanel-allure-sport-cologne-2590\">Allure Homme Sport</a>&nbsp;c&oacute; nghĩa l&agrave; &quot;Phong c&aacute;ch thể thao của ph&aacute;i mạnh&quot; cũng đủ thấy đ&acirc;y l&agrave; loại nước hoa mang phong c&aacute;ch mạnh mẽ năng động v&agrave; khỏe khoắn cực kỳ ho&agrave;n hảo cho những hoạt động của nam giới trong những ng&agrave;y H&egrave;. Mở đầu l&agrave; lớp hương b&ugrave;ng nổ cảm x&uacute;c m&aacute;t rượi của cam, qu&yacute;t v&agrave; m&ugrave;i biển c&ugrave;ng nh&oacute;m hương Aldehyde. Tiếp đến bạn sẽ trải nghiệm tần hương của gỗ tuyết t&ugrave;ng pha lần một ch&uacute;t hăng xanh&nbsp;của hạt ti&ecirc;u, hoa cam v&agrave; kết th&uacute;c l&agrave; sự ngạc nhi&ecirc;n kh&oacute; tả khi m&ugrave;i hương đ&atilde; chuyến từ ph&oacute;ng kho&aacute;ng, hoạt b&aacute;t dần trở n&ecirc;n lịch l&atilde;m hơn với hổ ph&aacute;ch, xạ hương, đậu tonka, cỏ hương b&agrave;i. Đ&acirc;y gần như l&agrave; sự lựa chọn linh hoạt ho&agrave;n hảo cho c&aacute;c ph&aacute;i mạnh cho cả m&ugrave;a H&egrave; d&ugrave; l&agrave; đi chơi hay đi tiệc.</p>\r\n\r\n<p>&nbsp;</p>\r\n\r\n<p><img alt=\"\" src=\"http://perfume168.com/Images/Media/2017/4/Chanel%20Allure%20Sport%20Cologne.jpg\" style=\"height:479px; width:479px\" /></p>\r\n\r\n<p>&nbsp;</p>\r\n\r\n<p><strong>5.&nbsp;<a href=\"http://perfume168.com/nuoc-hoa/12321davidoff-cool-water-men-1181\">Davidoff Cool Water</a></strong></p>\r\n\r\n<p>Với c&aacute;c ph&aacute;i mạnh th&igrave; m&ugrave;a H&egrave; ngo&agrave;i cảm gi&aacute;c n&oacute;ng nực ra c&ograve;n một cảm gi&aacute;c kh&oacute; chịu kh&aacute;c nữa ch&iacute;nh l&agrave; m&ugrave;i mồ h&ocirc;i phải kh&ocirc;ng? C&oacute; lẽ v&igrave; c&ugrave;ng một m&ugrave;i hương m&agrave; c&oacute; thể giải quyết được cả 2 vấn đền an giải đ&oacute; m&agrave; d&ograve;ng nước hoa&nbsp;<a href=\"http://perfume168.com/nuoc-hoa/12321davidoff-cool-water-men-1181\">Davidoff Cool Water</a>&nbsp;lu&ocirc;n được c&aacute;c ch&agrave;ng trao trọn niềm tin mỗi khi H&egrave; về. 3 nốt hương ch&iacute;nh l&agrave;m n&ecirc;n linh hồn cho m&ugrave;i hương kinh điển n&agrave;y ch&iacute;nh l&agrave; hoa oải hương, bạc h&agrave; v&agrave; hương biển, tất cả c&ugrave;ng h&ograve;a quyện để mang dến cho bạn tinh thần sảng khoải &amp; cảm gi&aacute;c sạch sẽ, tươi mới suốt cả ng&agrave;y như vừa được tắm m&igrave;nh trong l&agrave;n nước m&aacute;t lạnh. Với Davidoff Cool Water, chắc rằng bạn sẽ đủ năng lượng trải qua mọi m&ugrave;a H&egrave; cho d&ugrave; nắng n&oacute;ng k&eacute;o d&agrave;i đến bao l&acirc;u.</p>\r\n\r\n<p>&nbsp;</p>\r\n\r\n<p><img alt=\"\" src=\"http://perfume168.com/Images/Media/2017/4/2cd71df230b81a7a1b1a875b24604640.jpg\" style=\"height:492px; width:492px\" /></p>\r\n\r\n<p>&nbsp;</p>\r\n\r\n<p><strong>6.&nbsp;<a href=\"http://perfume168.com/nuoc-hoa/12321calvin-klein-eternity-aqua-men-1554\">Calvin Klein Eternity Aqua</a></strong></p>\r\n\r\n<p>Đ&acirc;y l&agrave; một m&ugrave;i hương nhẹ nh&agrave;ng v&agrave; tươi m&aacute;t, tượng trưng cho sự tự tin, tao nh&atilde; giản dị v&agrave; quyến rũ m&agrave; kh&ocirc;ng mất nhiều x&ocirc;ng sức.&nbsp;Nước hoa&nbsp;<a href=\"http://perfume168.com/nuoc-hoa/12321calvin-klein-eternity-aqua-men-1554\">Eternity Aqua</a>được chứa đựng trong mẫu chai Eternity d&agrave;nh cho nam kinh điển, trong phi&ecirc;n bản n&agrave;y, chai nước hoa to&aacute;t l&ecirc;n một sắc xanh nhạt, khơi dậy sắc xanh của bầu trời hoặc d&ograve;ng nước tinh khiết.</p>\r\n\r\n<p>Đ&acirc;y chắc chắn l&agrave; một chai nước hoa mang hương nước được tinh chế rất c&ocirc;ng phu với sự kết hợp của c&aacute;c nốt hương đa dạng. Chỉ cần từ 2 đến 3 lần xịt&nbsp;l&agrave; đủ để nước hoa ph&aacute;t huy hết thế mạnh của m&igrave;nh. Hương thơm th&iacute;ch hợp với thời tiết ấm v&agrave; dễ d&agrave;ng sử dụng những l&uacute;c đi l&agrave;m nhờ v&agrave;o hương thơm nhẹ nh&agrave;ng v&agrave; kh&ocirc;ng hề phản cảm.</p>\r\n\r\n<p><br />\r\n<img alt=\"\" src=\"http://perfume168.com/Images/Media/2017/4/F2D_800.jpg\" style=\"height:491px; width:491px\" /></p>\r\n\r\n<p><strong>7.&nbsp;<a href=\"http://perfume168.com/nuoc-hoa/12321bvlgari-aqva-pour-homme-atlantique-2678\">Bvlgari Aqva Pour Homme Atlantique</a></strong></p>\r\n\r\n<p>D&ograve;ng nước hoa vừa mới tr&igrave;nh l&agrave;ng trong th&aacute;ng 3/2017 nhưng rất được c&aacute;c t&iacute;n đồ nước hoa mong chờ v&agrave; săn đ&oacute;n. Thật vậy,&nbsp;<a href=\"http://perfume168.com/nuoc-hoa/12321bvlgari-aqva-pour-homme-atlantique-2678\">Bvlgari Aqva Pour Homme Atlantique</a>&nbsp;hứa hẹn mang đến cho bạn một trải nghiệm nước hoa m&ugrave;a H&egrave; đầy th&uacute; vị &amp; độc đ&aacute;o: vẫn tươi m&aacute;t v&agrave; l&agrave;m dịu c&aacute;i n&oacute;ng m&ugrave;a h&egrave; nhưng ẩn b&ecirc;n trong m&ugrave;i hương n&agrave;y ẩn chứa một điều g&igrave; đ&oacute; rất s&acirc;u lắng, b&iacute; ẩn như ch&iacute;nh vẻ đẹp của địa danh Atlantiqve huyền thoại. Đ&acirc;y l&agrave; sự kết hợp tuyệt vời giữa sự tươi s&aacute;ng của c&aacute;c nốt hương chanh v&agrave;ng, m&ugrave;i biển, t&aacute;o xanh, cam bergamot h&ograve;a quyện với bản chất m&atilde;nh liệt, u tối của long di&ecirc;n hương v&agrave; hoắc hương gi&uacute;p độ lưu hương của chai nước hoa n&agrave;y được gia tăng một c&aacute;ch đ&aacute;ng kể. C&ograve;n sự lựa chọn n&agrave;o kh&aacute;c, đ&acirc;y ch&iacute;nh l&agrave; &yacute; tưởng cực hợp cho những buổi tối m&ugrave;a H&egrave; hẹn h&ograve; của bạn.&nbsp;</p>\r\n\r\n<p>&nbsp;</p>\r\n\r\n<p><img alt=\"\" src=\"http://perfume168.com/Images/Media/2017/4/Bvlgari%20Aqva%20Pour%20Homme%20Atlantique.jpg\" style=\"height:332px; width:496px\" /></p>\r\n\r\n<p>&nbsp;</p>\r\n\r\n<p><strong>8.&nbsp;<a href=\"http://perfume168.com/nuoc-hoa/12321versace-pour-homme-1652\">Versace Pour Homme</a></strong></p>\r\n\r\n<p>Nước hoa nam&nbsp;<a href=\"http://perfume168.com/nuoc-hoa/12321versace-pour-homme-1652\">Versace Pour Homme&nbsp;</a>l&agrave; d&ograve;ng nước hoa Fougere cổ điển. N&oacute; được pha trộn c&aacute;c th&agrave;nh phần tinh chất c&oacute; nguồn gốc Địa Trung Hải với hỗn hợp hương thơm h&agrave;ng đầu rất ph&ugrave; hợp cho ph&aacute;i mạnh ng&agrave;y nay: đ&oacute; l&agrave; những người đ&agrave;n &ocirc;ng tri thức v&agrave; tự tin, sống h&agrave;i ho&agrave;n với thế giới tự nhi&ecirc;n. Th&ocirc;ng qua hương thơm đầy nam t&iacute;nh, dứt kho&aacute;t, Versace Pour Homme&nbsp;liện kết sức mạnh v&agrave; sự say m&ecirc; để tạo n&ecirc;n một người đ&agrave;n &ocirc;ng năng động v&agrave; th&agrave;nh đạt.</p>\r\n\r\n<p>&nbsp;</p>\r\n\r\n<p><img alt=\"\" src=\"http://perfume168.com/Images/Media/2017/4/Versace%20Pour%20Homme%202.jpg\" style=\"height:463px; width:463px\" /></p>\r\n\r\n<p>&nbsp;</p>\r\n\r\n<p><strong>9.&nbsp;<a href=\"http://perfume168.com/nuoc-hoa/12321banana-republic-m-2731\">Banana Republic M</a></strong></p>\r\n\r\n<p>Banana Republic M mang một &acirc;m hương kh&aacute; mềm mại v&agrave; tự nhi&ecirc;n. Với sự tươi m&aacute;t của c&aacute;c nốt hương cam chanh v&agrave; sự tươi m&aacute;t cũng như s&acirc;u lắng của c&aacute;c nốt hương x&ocirc; thơm, hương thảo v&agrave; l&aacute; sung gi&uacute;p cho nước hoa đỡ nh&agrave;m ch&aacute;n, v&agrave; ch&iacute;nh lớp hương cuối mang đậm chất gỗ đ&atilde; gi&uacute;p cho nước hoa k&eacute;o d&agrave;i được l&acirc;u hơn v&agrave; ấm &aacute;p hơn.</p>\r\n\r\n<p><a href=\"http://perfume168.com/nuoc-hoa/12321banana-republic-m-2731\">Banana Republick M</a>&nbsp;l&agrave;&nbsp;nước hoa đầy sự tinh khiết v&agrave; mới mẻ, mang đậm phong c&aacute;ch v&agrave; c&aacute; t&iacute;nh. Hương thơm kh&aacute; dễ sử dụng trong nhiều t&igrave;nh huống v&agrave; đặc biệt khuyến kh&iacute;ch sử dụng cho những dịp l&atilde;ng mạn.</p>\r\n\r\n<p>&nbsp;</p>\r\n\r\n<p>&nbsp;</p>\r\n\r\n<p><img alt=\"\" src=\"http://perfume168.com/Images/Media/2017/4/banana-m.jpg\" style=\"height:377px; width:377px\" /></p>\r\n\r\n<p><strong>10.&nbsp;<a href=\"http://perfume168.com/nuoc-hoa/12321hugo-boss-hugo-man-2004\">Hugo Boss Hugo Man</a></strong></p>\r\n\r\n<p><a href=\"http://perfume168.com/nuoc-hoa/12321hugo-boss-hugo-man-2004\">Hugo</a>&nbsp;được xếp v&agrave;o loại nước hoa xanh tự nhi&ecirc;n - ng&aacute;t hương. Nhờ sự kết hợp của hương gỗ , cam chanh tươi v&agrave; hương l&aacute; cay nồng đ&atilde; tạo n&ecirc;n m&ugrave;i hương đầy nam t&iacute;nh n&agrave;y.&nbsp;Nhờ v&agrave;o hương bạc h&agrave; m&aacute;t lạnh m&agrave; lớp hương đầu của chai nước hoa n&agrave;y mới thật nổi bật v&agrave; đ&uacute;ng với ph&acirc;n loại của n&oacute; c&ugrave;ng với hương tuyết t&ugrave;ng v&agrave; gỗ t&ugrave;ng. To&agrave;n bộ&nbsp;hỗn hợp nước hoa, tuy c&oacute; phần mang m&ugrave;i hương tổng hợp, những ch&uacute;ng đ&atilde; h&ograve;a huyện một c&aacute;ch h&agrave;i h&ograve;a. Hương cam qu&yacute;t, pha lẫn với hương t&aacute;o xanh tạo n&ecirc;n một cảm gi&aacute;c tươi m&aacute;t, sau đ&oacute; được nhấn mạnh bằng hương bạc h&agrave; v&agrave; oải hương. Lớp hương giữa nổi bật với hương thơm của c&acirc;y x&ocirc; thơm. C&acirc;y x&ocirc; thơm dẫn dắt c&aacute;c hương xanh từ lớp hương đầu xuống tới lớp hương cuối.&nbsp;Nh&igrave;n chung, Hugo&nbsp;rất l&agrave; một d&ograve;ng nước hoa ho&agrave;n hảo d&agrave;nh cho nam giới. M&ugrave;i hương đến t&ecirc;n gọi đều gợi l&ecirc;n sự nam t&iacute;nh đầy phong c&aacute;ch v&agrave; cổ điển, th&iacute;ch hợp sử dụng v&agrave;o ban ng&agrave;y.&nbsp;</p>\r\n\r\n<p>&nbsp;</p>\r\n\r\n<p><strong><img alt=\"\" src=\"http://perfume168.com/Images/Media/2017/4/2908415hugo_boss_hugo_man_1.jpg\" style=\"height:413px; width:413px\" /></strong></p>\r\n\r\n<p>&nbsp;</p>\r\n\r\n<p><a href=\"http://perfume168.com/\"><strong>Perfume168</strong></a>&nbsp;(Tổng hợp).</p>\r\n', '2021-05-05', 1, 'TOP Nước Hoa Mùa Hè Cho Nam 2021', 'muahenam.jpg', '<p>Top nước hoa nam cho m&ugrave;a h&egrave; 2021</p>\r\n'),
(9, 1, '<p><strong><img alt=\"\" src=\"https://www.facebook.com/images/emoji.php/v8/f99/1.5/16/1f4a5.png\" style=\"height:16px; width:16px\" />????&nbsp;Cabotine W 100ml 850..000 sale 44% = 480.000</strong></p>\r\n\r\n<p><img alt=\"\" src=\"http://perfume168.com/Images/Media/2017/4/18010354_1465760246809023_9071748196277557245_n.jpg\" style=\"height:338px; width:451px\" /></p>\r\n\r\n<p><br />\r\n<br />\r\n<strong><strong><strong><img alt=\"\" src=\"https://www.facebook.com/images/emoji.php/v8/f99/1.5/16/1f4a5.png\" style=\"height:16px; width:16px\" />????&nbsp;Green Tea W 100ml 850..000 sale 44% = 480.000</strong></strong></strong></p>\r\n\r\n<p><img alt=\"\" src=\"http://perfume168.com/Images/Media/2017/4/18033474_1465760250142356_4968211248294904503_n.jpg\" style=\"height:334px; width:445px\" /></p>\r\n\r\n<p>&nbsp;</p>\r\n\r\n<p><strong><img alt=\"\" src=\"https://www.facebook.com/images/emoji.php/v8/f99/1.5/16/1f4a5.png\" style=\"height:16px; width:16px\" />????&nbsp;CK One 100ml 1.050.000 sale 40% = 630.000 , 200ml 830.000</strong></p>\r\n\r\n<p><img alt=\"\" src=\"http://perfume168.com/Images/Media/2017/4/18034155_1465760320142349_9088651075932524712_n.jpg\" style=\"height:337px; width:449px\" /></p>\r\n\r\n<p><em>&nbsp;</em>&nbsp;&nbsp;</p>\r\n\r\n<p><strong><img alt=\"\" src=\"https://www.facebook.com/images/emoji.php/v8/f99/1.5/16/1f4a5.png\" style=\"height:16px; width:16px\" />????&nbsp;Fantasy Mdnight W 100ml 1.250..000 sale 30% = 880.000</strong></p>\r\n\r\n<p><img alt=\"\" src=\"http://perfume168.com/Images/Media/2017/4/18033132_1465759826809065_6753886492911804092_n.jpg\" style=\"height:342px; width:458px\" /></p>\r\n\r\n<p>&nbsp;</p>\r\n\r\n<p><strong><img alt=\"\" src=\"https://www.facebook.com/images/emoji.php/v8/f99/1.5/16/1f4a5.png\" style=\"height:16px; width:16px\" />????&nbsp;Boss Intense M 100ml 1.350.000 sale 30% = 1.080.000</strong><br />\r\n<img alt=\"\" src=\"http://perfume168.com/Images/Media/2017/4/17904431_1465759806809067_4375189476835757029_n.jpg\" style=\"height:345px; width:462px\" /></p>\r\n\r\n<p>&nbsp;</p>\r\n\r\n<p><strong><img alt=\"\" src=\"https://www.facebook.com/images/emoji.php/v8/f99/1.5/16/1f4a5.png\" style=\"height:16px; width:16px\" />????&nbsp;Eternity Aqua M 200ml 1.850.000 sale 30% = 1.300.000</strong></p>\r\n\r\n<p><img alt=\"\" src=\"http://perfume168.com/Images/Media/2017/4/18010991_1465759810142400_8417038899427884486_n.jpg\" style=\"height:344px; width:460px\" /></p>\r\n\r\n<p>&nbsp;</p>\r\n\r\n<p><strong><img alt=\"\" src=\"https://www.facebook.com/images/emoji.php/v8/f99/1.5/16/1f4a5.png\" style=\"height:16px; width:16px\" />????In2u Her 150ml 1.450.000 sale 30% = 1.015.000</strong></p>\r\n\r\n<p><img alt=\"\" src=\"http://perfume168.com/Images/Media/2017/4/17991054_1465760323475682_1191648328285363515_n.jpg\" style=\"height:350px; width:465px\" /></p>\r\n\r\n<p>&nbsp;</p>\r\n\r\n<p><strong><img alt=\"\" src=\"https://www.facebook.com/images/emoji.php/v8/f99/1.5/16/1f4a5.png\" style=\"height:16px; width:16px\" />????&nbsp;Lalique Encre Noire M 125ml 1.650.000 sale 20% = 1.320.000</strong></p>\r\n\r\n<p><img alt=\"\" src=\"http://perfume168.com/Images/Media/2017/4/18010790_1465760040142377_5777457857444994718_n.jpg\" style=\"height:348px; width:465px\" /></p>\r\n\r\n<p>&nbsp;</p>\r\n\r\n<p><strong><img alt=\"\" src=\"https://www.facebook.com/images/emoji.php/v8/f99/1.5/16/1f4a5.png\" style=\"height:16px; width:16px\" />????&nbsp;The One Desire 75ml tester 1.550.000 sale 20% = 1.240.000</strong></p>\r\n\r\n<p><img alt=\"\" src=\"http://perfume168.com/Images/Media/2017/4/17991871_1465759873475727_7479613025330276884_n.jpg\" style=\"height:354px; width:472px\" /></p>\r\n\r\n<p>&nbsp;</p>\r\n\r\n<p><strong><img alt=\"\" src=\"https://www.facebook.com/images/emoji.php/v8/f99/1.5/16/1f4a5.png\" style=\"height:16px; width:16px\" />????&nbsp;Lolita W 100ml 1.250..000 sale 20% = 1.000.000</strong></p>\r\n\r\n<p><img alt=\"\" src=\"http://perfume168.com/Images/Media/2017/4/17951830_1465759840142397_762189571188308691_n.jpg\" style=\"height:356px; width:474px\" /></p>\r\n\r\n<p>&nbsp;</p>\r\n\r\n<p><strong><img alt=\"\" src=\"https://www.facebook.com/images/emoji.php/v8/f99/1.5/16/1f4a5.png\" style=\"height:16px; width:16px\" />????&nbsp;Lalique Amethyst W 100ml 1.850.000 -20% = 1.480.000</strong></p>\r\n\r\n<p><img alt=\"\" src=\"http://perfume168.com/Images/Media/2017/4/18010128_1465760050142376_8109370313524835196_n.jpg\" style=\"height:357px; width:476px\" /></p>\r\n\r\n<p>&nbsp;</p>\r\n\r\n<p><strong><img alt=\"\" src=\"https://www.facebook.com/images/emoji.php/v8/f99/1.5/16/1f4a5.png\" style=\"height:16px; width:16px\" />????&nbsp;Euphotia W 100ml 1.450.000 sale 20% = 1.160.000</strong></p>\r\n\r\n<p><img alt=\"\" src=\"http://perfume168.com/Images/Media/2017/4/18010963_1465759970142384_7973630276847352102_n.jpg\" style=\"height:358px; width:477px\" /></p>\r\n\r\n<p>&nbsp;</p>\r\n\r\n<p><br />\r\n<strong><img alt=\"\" src=\"https://www.facebook.com/images/emoji.php/v8/f99/1.5/16/1f4a5.png\" style=\"height:16px; width:16px\" />????&nbsp;Xem th&ecirc;m c&aacute;c sản phẩm khuyến m&atilde;i kh&aacute;c tại&nbsp;<a href=\"http://bit.ly/2nZWsCU\" target=\"_blank\">http://bit.ly/2nZWsCU</a>&nbsp;</strong></p>\r\n', '2021-05-01', 1, 'KHUYẾN MÃI LỚN MỪNG NGÀY CHIẾN THẮNG LỚN 30-4 & 1-5', 'khuyen_mai.jpg', '<p><strong>KHUYẾN M&Atilde;I LỚN MỪNG NG&Agrave;Y CHIẾN THẮNG LỚN 30-4 &amp; 1-5&nbsp;</strong></p>\r\n\r\n<p><strong>NƯỚC HOA CH&Iacute;NH H&Atilde;NG GIẢM GI&Aacute; BẤT NGỜ L&Ecirc;N ĐẾN 44%</strong></p>\r\n\r\n<p><strong><img alt=\"\" src=\"https://static.xx.fbcdn.net/images/emoji.php/v7/ff3/1.5/16/2764.png\" style=\"height:16px; width:16px\" />&nbsp;<img alt=\"\" src=\"https://static.xx.fbcdn.net/images/emoji.php/v7/ff3/1.5/16/2764.png\" style=\"height:16px; width:16px\" />&nbsp;<img alt=\"\" src=\"https://static.xx.fbcdn.net/images/emoji.php/v7/ff3/1.5/16/2764.png\" style=\"height:16px; width:16px\" />&nbsp;<img alt=\"\" src=\"https://static.xx.fbcdn.net/images/emoji.php/v7/ff3/1.5/16/2764.png\" style=\"height:16px; width:16px\" />&nbsp;<img alt=\"\" src=\"https://static.xx.fbcdn.net/images/emoji.php/v7/ff3/1.5/16/2764.png\" style=\"height:16px; width:16px\" />&nbsp;<img alt=\"\" src=\"https://static.xx.fbcdn.net/images/emoji.php/v7/ff3/1.5/16/2764.png\" style=\"height:16px; width:16px\" />&nbsp;<img alt=\"\" src=\"https://static.xx.fbcdn.net/images/emoji.php/v7/ff3/1.5/16/2764.png\" style=\"height:16px; width:16px\" />&nbsp;<img alt=\"\" src=\"https://static.xx.fbcdn.net/images/emoji.php/v7/ff3/1.5/16/2764.png\" style=\"height:16px; width:16px\" />&nbsp;<img alt=\"\" src=\"https://static.xx.fbcdn.net/images/emoji.php/v7/ff3/1.5/16/2764.png\" style=\"height:16px; width:16px\" />&nbsp;<img alt=\"\" src=\"https://static.xx.fbcdn.net/images/emoji.php/v7/ff3/1.5/16/2764.png\" style=\"height:16px; width:16px\" />&nbsp;<img alt=\"\" src=\"https://static.xx.fbcdn.net/images/emoji.php/v7/ff3/1.5/16/2764.png\" style=\"height:16px; width:16px\" />&nbsp;<img alt=\"\" src=\"https://static.xx.fbcdn.net/images/emoji.php/v7/ff3/1.5/16/2764.png\" style=\"height:16px; width:16px\" />&nbsp;<img alt=\"\" src=\"https://static.xx.fbcdn.net/images/emoji.php/v7/ff3/1.5/16/2764.png\" style=\"height:16px; width:16px\" />&nbsp;<img alt=\"\" src=\"https://static.xx.fbcdn.net/images/emoji.php/v7/ff3/1.5/16/2764.png\" style=\"height:16px; width:16px\" />&nbsp;<img alt=\"\" src=\"https://static.xx.fbcdn.net/images/emoji.php/v7/ff3/1.5/16/2764.png\" style=\"height:16px; width:16px\" />&nbsp;</strong></p>\r\n\r\n<p><strong>Chương tr&igrave;nh &aacute;p dụng từ ng&agrave;y 20/4 đến 1/5</strong></p>\r\n'),
(10, 1, '<p><strong>Nước hoa giống như một m&oacute;n trang sức v&ocirc; h&igrave;nh. Một m&ugrave;i hương tinh tế hợp ho&agrave;n cảnh, bắt kịp xu hướng thời tiết sẽ thể hiện c&aacute; t&iacute;nh của bạn với người đối diện m&agrave; kh&ocirc;ng cần lời lẽ.</strong></p>\r\n\r\n<p>M&ugrave;a H&egrave; đến mang theo tiết trời nắng n&oacute;ng ch&iacute;nh l&agrave; l&uacute;c những loại nước hoa dịu nhẹ, tươi m&aacute;t l&ecirc;n ng&ocirc;i. Ch&uacute;ng ta c&ugrave;ng điểm mặt những hương nước hoa &ldquo;l&ecirc;n ng&ocirc;i&rdquo; trong m&ugrave;a h&egrave; n&agrave;y:</p>\r\n\r\n<p><strong>Hương tr&aacute;i c&acirc;y</strong></p>\r\n\r\n<p><img alt=\"\" src=\"http://perfume168.com/Images/Media/2017/4/ws_Fruity_Basket_2560x1600.jpg\" style=\"height:340px; width:545px\" /></p>\r\n\r\n<p>&nbsp;</p>\r\n\r\n<p>Kh&ocirc;ng kh&iacute; m&ugrave;a h&egrave; n&oacute;ng nực sẽ khiến nước hoa bay hơi nhanh ch&oacute;ng, v&igrave; thế nước hoa c&oacute; hương tr&aacute;i c&acirc;y l&agrave; một lựa chọn tuyệt vời, bạn c&oacute; thể sử dụng để xịt thường xuy&ecirc;n m&agrave; kh&ocirc;ng lo lắng g&acirc;y ra m&ugrave;i kh&oacute; chịu. Trong năm nay, hương tr&aacute;i c&acirc;y nhận được sự y&ecirc;u th&iacute;ch của nhiều người đ&oacute; l&agrave; hương cam chanh, t&aacute;o v&agrave; d&acirc;u.</p>\r\n\r\n<p>Hương cam chanh thường tạo cảm gi&aacute;c tươi mới, năng động v&agrave; nhẹ nh&agrave;ng. Nếu bạn thuộc tu&yacute;p người th&iacute;ch thư gi&atilde;n, kh&ocirc;ng th&iacute;ch m&ugrave;i hương qu&aacute; nặng, bạn sẽ y&ecirc;u m&ugrave;i hương hoa cam, chanh n&agrave;y. Hương t&aacute;o mang lại sự dịu m&aacute;t, thơm ngọt m&aacute;t như tr&aacute;i t&aacute;o đầu m&ugrave;a &ndash; xu hướng nước hoa nữ 2017&nbsp;t&ocirc;n vinh vẻ đẹp thanh tho&aacute;t, ki&ecirc;u sa của người d&ugrave;ng. C&ograve;n hương d&acirc;u nhẹ nh&agrave;ng đ&aacute;ng y&ecirc;u rất ph&ugrave; hợp cho m&ugrave;a h&egrave; n&oacute;ng bỏng trở n&ecirc;n dịu m&aacute;t.</p>\r\n\r\n<p>&nbsp;</p>\r\n\r\n<p><strong>Hương thơm hoa cỏ dịu nhẹ</strong></p>\r\n\r\n<p>Hương thơm hoa cỏ c&oacute; lẽ l&agrave; chủ đề quen thuộc nhưng kh&ocirc;ng nh&agrave;m ch&aacute;n, l&agrave; cảm hứng của c&aacute;c nh&agrave; s&aacute;ng chế nước hoa.</p>\r\n\r\n<p>&nbsp;</p>\r\n\r\n<p><img alt=\"\" src=\"http://perfume168.com/Images/Media/2017/4/tumblr_static_c2b63aa7ce4d43ae4dbe3ea870247ded.jpg\" style=\"height:325px; width:520px\" /></p>\r\n\r\n<p>&nbsp;</p>\r\n\r\n<p>M&ugrave;i hương n&agrave;y rất l&atilde;ng mạn, cổ điển v&agrave; cũng rất nữ t&iacute;nh. N&oacute; cũng kh&aacute; đa dạng, tr&ecirc;n nền cơ bản l&agrave; m&ugrave;i hương thực vật, n&oacute; c&oacute; thể pha trộn với nhiều loại m&ugrave;i hương kh&aacute;c. Những loại nước hoa c&oacute; m&ugrave;i hương n&agrave;y được giới phụ nữ rất y&ecirc;u th&iacute;ch v&agrave; sử dụng kh&aacute; rộng r&atilde;i.<br />\r\nNếu bạn y&ecirc;u một bộ phim cổ điển, một bộ quần &aacute;o thủy thủ hay vẻ đẹp nữ t&iacute;nh, nhẹ nh&agrave;ng th&igrave; c&oacute; thể bạn sẽ y&ecirc;u th&iacute;ch m&ugrave;i hương nước hoa n&agrave;y. Xu hướng hương hoa cỏ m&ugrave;a h&egrave; năm nay l&agrave; hương hoa hồng, nh&agrave;i, huệ t&acirc;y, hoa anh đ&agrave;o&hellip;</p>\r\n\r\n<p>&nbsp;</p>\r\n\r\n<p><strong>Hương hoa hồng thi&ecirc;n nhi&ecirc;n</strong></p>\r\n\r\n<p>&nbsp;</p>\r\n\r\n<p><img alt=\"\" src=\"http://perfume168.com/Images/Media/2017/4/b29fb61c1ed61598e8d75df969f4ab70.jpg\" style=\"height:545px; width:528px\" /></p>\r\n\r\n<p>&nbsp;</p>\r\n\r\n<p>Hương hoa hồng l&agrave; hương phổ biến bậc nhất tr&ecirc;n thế giới v&agrave; chưa bao giờ l&ugrave;i bước trong bảng xếp hạng những hương thơm được y&ecirc;u mến nhất mọi thời đại. Một trong những ưu điểm vượt trội của hương hoa hồng l&agrave; tạo sự ấm &aacute;p, dịu ngọt v&agrave; quyến rũ cho người sử dụng. Nhắc tới hương thơm hoa hồng, người ta dễ d&agrave;ng mường tượng về người phụ nữ e ấp, l&ocirc;i cuốn, b&iacute; ẩn m&agrave; tr&agrave;n đầy niềm ki&ecirc;u h&atilde;nh.</p>\r\n\r\n<p><strong><a href=\"http://perfume168.com/\">Perfume168</a></strong>&nbsp;(Nguồn Internet)</p>\r\n', '2021-05-01', 1, 'MÙI HƯƠNG NƯỚC HOA “LÊN NGÔI” MÙA HÈ 2017', 'mui_huong_len_ngoi.jpg', '<p>M&ugrave;a h&egrave;&nbsp;đến mang theo tiết trời nắng n&oacute;ng ch&iacute;nh l&agrave; l&uacute;c những loại nước hoa dịu nhẹ, tươi m&aacute;t l&ecirc;n ng&ocirc;i.</p>\r\n'),
(11, 1, '<h2>Bởi nếu xịt nước hoa m&ugrave;a h&egrave; kh&aacute;c hẳn với xịt nước hoa trong m&ugrave;a đ&ocirc;ng. L&yacute; do v&igrave; &aacute;nh nắng, sự oi bức v&agrave; mồ h&ocirc;i của m&ugrave;a h&egrave; c&oacute; thể cản trở m&ugrave;i hương thơm m&aacute;t tỏa ra từ cơ thể bạn v&agrave; khiến nước hoa bị biến thể th&agrave;nh m&ugrave;i hương kh&ocirc;ng mong muốn.</h2>\r\n\r\n<p>Muốn vậy, khi sử dụng nước hoa trong m&ugrave;a h&egrave;, bạn h&atilde;y tuyệt đối lưu t&acirc;m những điểm sau nh&eacute;:</p>\r\n\r\n<p><a href=\"http://perfume168.com/\"><img alt=\"\" src=\"http://perfume168.com/Images/Media/2017/3/3.jpg\" style=\"height:455px; width:455px\" /></a></p>\r\n\r\n<p><em>N&ecirc;n chọn những d&ograve;ng nước hoa d&agrave;nh ri&ecirc;ng cho m&ugrave;a h&egrave;</em></p>\r\n\r\n<p><strong>Chọn nước hoa nồng độ hương dịu nhẹ</strong></p>\r\n\r\n<p>Trong m&ugrave;a h&egrave;, bạn h&atilde;y chỉ n&ecirc;n chọn những d&ograve;ng nước hoa ph&ugrave; hợp d&agrave;nh ri&ecirc;ng cho những ng&agrave;y h&egrave; oi bức.</p>\r\n\r\n<p>Theo đ&oacute;, bạn n&ecirc;n chọn nước hoa c&oacute; nồng độ hương dịu nhẹ thay v&igrave; những m&ugrave;i nồng gắt. Hầu như nước hoa hương cỏ c&acirc;y nhẹ nh&agrave;ng, m&ugrave;i tr&aacute;i c&acirc;y dịu m&aacute;t rất ph&ugrave; hợp với thời tiết oi ả.</p>\r\n\r\n<p><strong>N&ecirc;n d&ugrave;ng lăn khử m&ugrave;i trước khi xịt nước hoa</strong></p>\r\n\r\n<p>Trước khi d&ugrave;ng nước hoa, bạn n&ecirc;n sử dụng lăn khửi m&ugrave;i cho to&agrave;n cơ thể. Sau khi d&ugrave;ng lăn khử m&ugrave;i khoảng 15 ph&uacute;t mới n&ecirc;n xịt nước hoa. Tuyệt đối xịt nước hoa khi cơ thể đang đổ nhiều mồ h&ocirc;i. Mồ h&ocirc;i từ cơ thể sẽ l&agrave;m biến dạng m&ugrave;i hương.</p>\r\n\r\n<p>&nbsp;</p>\r\n\r\n<p><a href=\"http://perfume168.com/\"><img alt=\"\" src=\"http://perfume168.com/Images/Media/2017/3/4.jpg\" style=\"height:350px; width:567px\" /></a></p>\r\n\r\n<p><em>Lưu &yacute; m&ugrave;i mồ h&ocirc;i tr&ecirc;n cơ thể sẽ l&agrave;m biến dạng m&ugrave;i hương</em></p>\r\n\r\n<p><strong>N&ecirc;n sử dụng nước hoa dạng chai lăn</strong></p>\r\n\r\n<p>V&agrave;o m&ugrave;a n&oacute;ng hoặc khi bạn l&agrave;m việc ở ngo&agrave;i trời hay những nơi kh&ocirc;ng c&oacute; điều h&ograve;a nhiệt độ, n&ecirc;n sử dụng nước hoa dạng chai lăn.</p>\r\n\r\n<p>Đ&acirc;y l&agrave; nước hoa c&ocirc; đặc, c&oacute; đầu lăn tr&ograve;n ở phần nắp chai. Nước hoa dạng lăn c&oacute; m&ugrave;i hương bền hơn nước hoa dạng xịt do độ đậm đặc của n&oacute;, v&igrave; thế kh&ocirc;ng n&ecirc;n sử dụng qu&aacute; nhiều.</p>\r\n\r\n<p><strong>Kh&ocirc;ng d&ugrave;ng nước hoa trước khi ra nắng</strong></p>\r\n\r\n<p>Trước khi ra nắng bạn kh&ocirc;ng n&ecirc;n d&ugrave;ng nước hoa v&igrave; những th&agrave;nh phần nhạy cảm với &aacute;nh s&aacute;ng trong dầu thơm c&oacute; thể g&acirc;y hiện tượng ch&aacute;y nắng v&agrave; để lại những vết n&aacute;m rất kh&oacute; mờ cho da bạn.&nbsp;</p>\r\n\r\n<p>Hoặc ngay cả khi ở ngo&agrave;i trời, bạn cũng kh&ocirc;ng n&ecirc;n xịt nước hoa trực tiếp dưới &aacute;nh nắng v&igrave; c&oacute; thể g&acirc;y mẫn cảm v&agrave; n&aacute;m da.</p>\r\n\r\n<p><strong>Xịt nước hoa v&agrave;o c&aacute;c vị tr&iacute; lưu giữ hương thơm</strong></p>\r\n\r\n<p>&nbsp;</p>\r\n\r\n<p><a href=\"http://perfume168.com/\"><img alt=\"\" src=\"http://perfume168.com/Images/Media/2017/3/2.jpg\" /></a></p>\r\n\r\n<p><em>Xịt nước hoa v&agrave;o những nơi nhịp tim thể hiện r&otilde; nhất để lưu giữ hương thơm l&acirc;u d&agrave;i</em></p>\r\n\r\n<p>Để lưu giữ hương thơm l&acirc;u d&agrave;i, bạn n&ecirc;n xịt nước hoa v&agrave;o những nơi nhịp tim thể hiện r&otilde; nhất như tr&ecirc;n cổ tay, sau g&aacute;y, giữa ngực hay l&agrave; cả phần khoeo ch&acirc;n. Đ&acirc;y l&agrave; những v&ugrave;ng da ẩm nhất v&agrave; c&oacute; thể khuyếch t&aacute;n hương thơm tốt nhất.</p>\r\n\r\n<p>Bạn cũng c&oacute; thể xịt nước hoa v&agrave;o kh&ocirc;ng kh&iacute;, sau bước v&agrave;o kh&ocirc;ng gian hương thơm đ&oacute;, c&aacute;ch n&agrave;y c&oacute; thể &ldquo;ti&ecirc;u tốn&rdquo; nước hoa của bạn nhưng m&ugrave;i hương đồng đều h&ograve;a quyện với cơ thể hơn.</p>\r\n\r\n<p><a href=\"http://perfume168.com/\"><strong>Perfume168</strong></a>&nbsp;(tổng hợp từ c&aacute;c nguồn).</p>\r\n', '2021-05-01', 1, 'Những lưu ý khi sử dụng nước hoa trong mùa hè', 'luu_y_use_nhmhe.jpg', '<h2>Nhiều phụ nữ rất th&iacute;ch sử dụng 1 ch&uacute;t nước hoa nhẹ nh&agrave;ng nhưng ch&uacute;ng thật sự l&agrave; &quot;b&agrave;i to&aacute;n kh&oacute;&quot; với nhiều người trong m&ugrave;a h&egrave;.</h2>\r\n');
INSERT INTO `baiviet` (`idBV`, `idSP`, `NoiDung`, `NgayCapNhat`, `AnHien`, `TieuDe`, `img`, `MoTa`) VALUES
(12, 1, '<p><strong>Đ&ocirc;i khi việc lựa chọn một loại nước hoa để sử dụng c&oacute; thể l&agrave; một vấn đề nan giải. N&ecirc;n việc am hiểu kiến thức về c&aacute;c loại nước hoa v&agrave; sự ảnh hưởng của từng loại nước khoa tr&ecirc;n l&agrave;n da l&agrave; một vấn đề kh&aacute; quan trọng. H&atilde;y đọc kỹ b&agrave;i viết n&agrave;y để c&oacute; thể biết r&otilde; hơn về c&aacute;ch lựa chọn ch&iacute;nh x&aacute;c loại nước hoa để ph&ugrave; hợp từng sự kiện kh&aacute;c nhau bạn nh&eacute;.</strong></p>\r\n\r\n<p><img alt=\"\" src=\"http://perfume168.com/Images/Media/2017/4/3(1164).jpg\" /></p>\r\n\r\n<p>Sự kh&aacute;c biệt ch&iacute;nh giữa c&aacute;c loại nước hoa l&agrave; nằm ở phần nồng độ&nbsp;của tinh chất. Thứ tự xếp từ cao tới thấp trong bảng sắp xếp nồng độ nước hoa l&agrave;: thứ nhất l&agrave;&nbsp;<strong>Perfume</strong>, thứ nh&igrave; l&agrave;&nbsp;<strong>Eau de Parfum</strong>&nbsp;(EDP), thứ ba l&agrave;<strong>&nbsp;Eau de Toilette</strong>&nbsp;(EDT), v&agrave; cuối c&ugrave;ng l&agrave;<strong>&nbsp;Eau de Cologne</strong>.</p>\r\n\r\n<p>Nước hoa th&ocirc;ng thường được kết hợp từ sự kết hợp của ba lớp hương l&agrave; lớp hương đầu, lớp hương giữa v&agrave; lớp hương nền, v&agrave; lần lượt c&aacute;c lớp hương sẽ xuất hiện theo thời gian. Lớp hương đầu l&agrave; m&ugrave;i hương được tỏa ra đầu ti&ecirc;n từ chai nước hoa. Sau một l&uacute;c, lớp hương đ&oacute; dần nhạt đi v&agrave; nhường chỗ cho lớp hương giữa ph&aacute;t huy t&aacute;c dụng. &nbsp;sau c&ugrave;ng l&agrave; lớp nền sẽ thế chỗ, v&agrave; tồn tại đến l&uacute;c m&ugrave;i hương hết t&aacute;c dụng.</p>\r\n\r\n<p><strong>Perfume</strong>&nbsp;được xem như l&agrave; loại nước hoa tuyệt vời nhất v&igrave; cả ba lớp hương đầu, giữa v&agrave; nền c&ugrave;ng nhau tồn tại v&agrave; hỗ trợ nhau trong suốt thời gian nước hoa ph&aacute;t huy t&aacute;c dụng. nhờ v&agrave;o sự c&ocirc; đặc cao của tinh chất nước hoa m&agrave; Perfume kh&ocirc;ng bị vấn đề với việc lớp hương n&agrave;y bay hơi nhanh hơn lớp hương kh&aacute;c. Đối với Eau de Parfum (EDP), lớp giữa thường l&agrave; lớp nổi bật nhất ng&agrave;y sau khi lớp đầu vừa bay hơi. Ngược lại, với Eau de Toilette (EDT), lớp hương đầu vừa xuất hiện đ&atilde; thể hiện rất mạnh mẽ, đem lại cảm gi&aacute;c tươi mới, m&aacute;t mẻ v&agrave; sau đ&oacute; cũng bay hơi rất nhanh.</p>\r\n\r\n<p><strong>Perfume</strong>&nbsp;thường rất đắt tiền tại v&igrave; n&oacute; c&oacute; tới 30% tinh chất nước hoa. Điều n&agrave;y c&oacute; nghĩa l&agrave; m&ugrave;i hương đ&oacute; sẽ c&oacute; độ lưu hương l&acirc;u hơn, đồng nghĩa với việc bạn sử dụng nước hoa cũng sẽ &iacute;t hơn, n&ecirc;n thường Perfume thường chỉ được b&aacute;n với dung lượng nhỏ.</p>\r\n\r\n<p>&nbsp;</p>\r\n\r\n<p><img alt=\"\" src=\"http://perfume168.com/Images/Media/2017/4/454464465.jpg\" style=\"height:389px; width:644px\" /></p>\r\n\r\n<p><em>Sự ảnh hưởng của từng loại nước khoa tr&ecirc;n l&agrave;n da l&agrave; một vấn đề kh&aacute; quan trọng</em></p>\r\n\r\n<p>&nbsp;</p>\r\n\r\n<p><strong>Eau de Parfum</strong>&nbsp;chứa 15% - 20% tinh chất nước hoa. Nhiều người sẽ nghĩ rằng EDP sẽ nồng hơn v&agrave; lưu hương l&acirc;u hơn EDT, nhưng thật ra l&agrave; c&ograve;n sẽ t&ugrave;y v&agrave;o loại nước hoa m&agrave; bạn sử dụng. EDP thường được sử dụng l&ecirc;n t&oacute;c hoặc quần &aacute;o, tuy nhi&ecirc;n, bạn n&ecirc;n lưu &yacute; c&oacute; một số loại vải c&oacute; thể để lại vế ố v&igrave; chất dầu c&oacute; trong nước hoa. Một số chai nước hoa EDP tươi s&aacute;ng v&agrave; đ&aacute;ng tin cậy l&agrave;&nbsp;<strong><a href=\"http://perfume168.com/nuoc-hoa/12321hermes-24-foubourg-eau-de-parfum-women-1224\">24 Faubourg</a></strong>&nbsp;của&nbsp;<a href=\"http://perfume168.com/nuoc-hoa-hermes-153-0-4-/2/1\">h&atilde;ng Hermes</a>, được biết đến với hương hoa cỏ v&agrave; phảng phất hương hổ ph&aacute;ch, hoặc l&agrave; chai L&rsquo;eau d&rsquo;Issey Florale của&nbsp;<a href=\"http://perfume168.com/nuoc-hoa-issey-miyake-110-0-4-/2/1\">h&atilde;ng Issey Miyake</a>, nổi tiếng nhờ hương hoa cỏ nữ t&iacute;nh được pha trộn từ hoa loa k&egrave;n, hoa cam, qu&yacute;t Trung Quốc, hoa hồng, xạ hương v&agrave; gỗ trắng.</p>\r\n\r\n<p><strong>Eau de Toilette</strong>, với 05% - 15% tinh chất nước hoa, th&igrave; m&ugrave;i hương sẽ nhẹ nh&agrave;ng v&agrave; tươi s&aacute;ng hơn, v&agrave; đặc biệt với kh&iacute; hậu ấm &aacute;p. Tuy nhi&ecirc;n EDT sẽ bay hơi nhanh hơn nước hoa EDP. Một v&iacute; dụ điển h&igrave;nh cho nước hoa EDT cổ điển l&agrave; chai Eau d&rsquo;Hadrien - một hơi thở tươi m&aacute;t v&ugrave;ng Địa Trung Hải - đ&acirc;y l&agrave; tinh t&uacute;y của h&atilde;ng Annick Goutal, một sự kết hợp của c&aacute;c quả thuộc họ cam chanh như chanh v&agrave;ng, bưởi ch&ugrave;m, qu&yacute;t xanh, c&acirc;y b&aacute;ch, v&agrave; hoang ho&agrave;ng lan. Một v&iacute; dụ ngược lại l&agrave; chai&nbsp;<strong><a href=\"http://perfume168.com/nuoc-hoa/12321jeau-paul-classique-eau-de-toilette-2284\">Classique</a></strong>&nbsp;của h&atilde;ng&nbsp;<a href=\"http://perfume168.com/nuoc-hoa-jean-paul-gaultier-1122-0-4-/2/1\">Jean Paul Gaultier</a>, đ&acirc;y l&agrave; hiện th&acirc;n của một người phụ nữ gợi cảm th&ocirc;ng qua sự kết hợp của hoa hồng, hoa hồi c&aacute;nh sao, cam, gừng, hổ ph&aacute;ch v&agrave; va-ni.</p>\r\n\r\n<p>Th&ocirc;ng thường, gi&aacute; của nước hoa EDP sẽ đắt hơn nước hoa EDT tại v&igrave; sự kh&aacute;c biệt về độ tinh chất nước hoa b&ecirc;n trong. Nhưng cả EDP v&agrave; EDT đều được b&aacute;n theo một dung t&iacute;ch lớn hơn Perfume, v&igrave; liều lượng sử dụng của hai loại n&agrave;y phải nhiều hơn nếu muốn ổn định t&aacute;c dụng của nước hoa.</p>\r\n\r\n<p>Cuối c&ugrave;ng phải nhắc đến&nbsp;<strong>Eau de Cologne</strong>, loại n&agrave;y chứa khoảng 4% tinh chất nước hoa. Loại n&agrave;y th&iacute;ch hợp d&ugrave;ng ở nơi c&oacute; kh&iacute; hậu n&oacute;ng, v&agrave; ch&uacute;ng bay hơi rất nhanh n&ecirc;n phải sử dụng lại li&ecirc;n tục để đảm bảo t&aacute;c dụng nước hoa lu&ocirc;n ổn định. Eau de Cologne được b&aacute;n với dung t&iacute;ch lớn hơn c&aacute;c loại nước hoa kh&aacute;c với gi&aacute; tiền kh&aacute; rẻ.</p>\r\n\r\n<p>&nbsp;</p>\r\n\r\n<p><img alt=\"\" src=\"http://perfume168.com/Images/Media/2017/4/nng.jpg\" /></p>\r\n\r\n<p>&nbsp;</p>\r\n\r\n<p><a href=\"http://perfume168.com/\"><strong>Perfume168</strong></a>&nbsp;(tổng hợp từ Internet).</p>\r\n', '2021-05-01', 1, 'NƯỚC HOA NÀO PHÙ HỢP VỚI BẠN?', 'nh_phu_hop_ban.jpg', '<p>Am hiểu kiến thức về c&aacute;c loại nước hoa v&agrave; sự&nbsp;ảnh hưởng của từng loại nước hoa tr&ecirc;n l&agrave;n da l&agrave; một vấn&nbsp;đề kh&aacute; quan trọng.</p>\r\n'),
(15, 1, '<p><strong>C&oacute; những người bảo rằng thời gian kh&ocirc;ng chờ đợi người đ&agrave;n &ocirc;ng. Đ&oacute; l&agrave; l&yacute; do tại sao ch&uacute;ng ta n&ecirc;n tr&aacute;nh xa c&aacute;c loại kem chống l&atilde;o h&oacute;a v&agrave; c&aacute;c loại sản phẩm c&oacute; chứa collagen, m&agrave; c&aacute;nh m&agrave;y r&acirc;u n&ecirc;n t&igrave;m c&aacute;ch tận hưởng những g&igrave; đặc biệt nhất của thời gian ban tặng. Kh&ocirc;ng ai th&iacute;ch m&igrave;nh l&agrave; một &ldquo;&ocirc;ng bố s&agrave;nh điệu&rdquo; với m&aacute;i t&oacute;c s&agrave;nh điệu v&agrave; chiếc &aacute;o kho&aacute;c len mỏng đối diện với cấp tr&ecirc;n của m&igrave;nh.</strong></p>\r\n\r\n<p>&nbsp;</p>\r\n\r\n<p>Đừng trở th&agrave;nh anh ch&agrave;ng đ&oacute; nh&eacute;. B&ecirc;n cạnh đ&oacute;, người ta đ&atilde; t&igrave;m ra một gi&aacute; trị khẳng định c&aacute; t&iacute;nh v&agrave; n&eacute;t ri&ecirc;ng của c&aacute;nh m&agrave;y r&acirc;u bằng những loại&nbsp;<a href=\"http://perfume168.com/nuoc-hoa-nam-182-82-0-/0/1\">nước hoa cho nam</a>, đ&atilde; v&agrave; đang l&agrave; một trong những vũ kh&iacute; tối thượng gi&uacute;p bạn chinh phục người đối diện v&agrave; trong đ&oacute; c&oacute; những c&ocirc; n&agrave;ng gợi cảm.</p>\r\n\r\n<p>&nbsp;&nbsp;</p>\r\n\r\n<p><img alt=\"\" src=\"http://perfume168.com/Images/Media/2017/3/fragrancelast1.jpg\" style=\"height:304px; width:676px\" /></p>\r\n\r\n<p><em>&Iacute;t ai để &yacute; n&ecirc;n sử dụng hương nước hoa ấy ra sao cho ph&ugrave; hợp với tuổi của m&igrave;nh</em></p>\r\n\r\n<p>&nbsp;</p>\r\n\r\n<p>V&agrave;o những năm 1990, nước hoa trở n&ecirc;n phổ biến kh&ocirc;ng chỉ d&agrave;nh cho nữ m&agrave; c&ograve;n c&oacute; cả nước hoa cho nam&nbsp;cũng ng&agrave;y c&agrave;ng thịnh hơn. C&oacute; những anh ch&agrave;ng th&iacute;ch kết hợp t&ugrave;y loại nước hoa với bộ trang phục của m&igrave;nh, c&oacute; những anh ch&agrave;ng sử dụng nước hoa như gợi nhớ đến một kỷ niệm đẹp, một t&igrave;nh y&ecirc;u đẹp. Những g&igrave; bạn cần l&agrave; sử dụng hương nước hoa ấy đ&uacute;ng thời điểm, nhưng &iacute;t ai để &yacute; rằng đ&ocirc;i khi bạn n&ecirc;n sử dụng hương nước hoa ấy ph&ugrave; hợp với tuổi của m&igrave;nh.&nbsp;<a href=\"http://perfume168.com/\"><strong>Perfume168</strong></a>&nbsp;c&oacute; một v&agrave;i gợi &yacute; gi&uacute;p bạn t&igrave;m được lọai nước hoa ph&ugrave; hợp với lứa tuổi nh&eacute;.</p>\r\n\r\n<p>&nbsp;</p>\r\n\r\n<p><strong>20 v&agrave; dưới 20 tuổi</strong></p>\r\n\r\n<p>Đ&acirc;y l&agrave; lứa tuổi tr&agrave;n đầy nhiệt huyết, sự năng động v&agrave; bạn muốn l&agrave;m tất cả những g&igrave; m&igrave;nh th&iacute;ch. Lứa tuổi n&agrave;y vẫn chưa chắc chắn bạn sẽ c&oacute; một c&ocirc;ng việc ổn định. Nhưng bạn n&ecirc;n c&oacute; những nguy&ecirc;n tắc khi đi ra ngo&agrave;i gặp gỡ bạn b&egrave;.</p>\r\n\r\n<p>V&agrave; tất nhi&ecirc;n&nbsp;<a href=\"http://perfume168.com/nuoc-hoa/12321davidoff-cool-water-men-1181\"><strong>Davidoff Cool Water</strong></a>&nbsp;l&agrave; một trong những lựa chọn h&agrave;ng đầu cho những buổi hẹn h&ograve; của c&aacute;c ch&agrave;ng trai tuổi teen đầy đam m&ecirc;. Nếu bạn t&igrave;m kiếm một m&ugrave;i hương t&aacute;o bạo hơn th&igrave;&nbsp;<a href=\"http://perfume168.com/nuoc-hoa/12321paco-rabanne-1-million-men-1776\"><strong>Paco Rabanne 1 Million</strong></a>&nbsp;l&agrave; một sự lựa chọn ho&agrave;n hảo với hương cam, bưởi, bạc h&agrave; trẻ trung v&agrave; đầy gợi cảm.</p>\r\n\r\n<p>&nbsp;<img alt=\"\" src=\"http://perfume168.com/Images/Media/2017/3/Davidoff%20Cool%20Water.jpg\" style=\"height:520px; width:520px\" /></p>\r\n\r\n<p><em>Davidoff Cool Water đơn giản, tươi trẻ, năng động</em></p>\r\n\r\n<p>&nbsp;</p>\r\n\r\n<p><img alt=\"\" src=\"http://perfume168.com/Images/Media/2017/3/Paco%20Rabanne%201%20Million.jpg\" style=\"height:424px; width:424px\" /></p>\r\n\r\n<p><em>Paco Rabanne One Million ngọt ng&agrave;o, tươi trẻ v&agrave; đầy nam t&iacute;nh</em></p>\r\n\r\n<p>Những người bạn của bạn sẽ th&iacute;ch những m&ugrave;i ngọt, hay m&ugrave;i cam qu&yacute; mạnh mẽ hay c&oacute; một ch&uacute;t g&igrave; đ&oacute; khỏe khoắn của kim loại.</p>\r\n\r\n<p>&nbsp;</p>\r\n\r\n<p><strong>Độ tuổi từ 21 đến 25 tuổi</strong></p>\r\n\r\n<p>Nh&igrave;n v&agrave;o bạn ở lứa tuổi n&agrave;y l&agrave; một ch&agrave;ng trai trưởng th&agrave;nh, trẻ trung v&agrave; lu&ocirc;n c&oacute; những điểu mới mẻ, một c&ocirc;ng việc mới v&agrave; một cuộc sống mới, như một người con của gia đ&igrave;nh. L&uacute;c n&agrave;y bạn n&ecirc;n t&igrave;m cho m&igrave;nh một m&ugrave;i hương thật mới mẻ, tr&agrave;n đầy sự tươi trẻ, sự m&atilde;nh liệt của một t&igrave;nh y&ecirc;u nghi&ecirc;m t&uacute;c, ngọt n&agrave;o v&agrave; bền vững.</p>\r\n\r\n<p>&nbsp;</p>\r\n\r\n<p><img alt=\"\" src=\"http://perfume168.com/Images/Media/2017/3/CK%20one.jpg\" style=\"height:445px; width:594px\" /></p>\r\n\r\n<p><em>Ck One thể hiện&nbsp;sự tươi m&aacute;t v&agrave; tinh khiết</em></p>\r\n\r\n<p>&nbsp;</p>\r\n\r\n<p><a href=\"http://perfume168.com/nuoc-hoa/12321calvin-klein-ck-one-unisex-1608\"><strong>Ck One</strong></a>&nbsp;sẽ l&agrave; lựa chọn th&iacute;ch hợp cho bạn. B&ecirc;n cạnh khả năng lưu hương từ 3 đến 6 giờ,&nbsp;<strong>CK One</strong>&nbsp;c&ograve;n mang trong m&igrave;nh sự tươi m&aacute;t v&agrave; tinh khiết v&agrave; đồng thời thể hiện được một c&aacute;i nh&igrave;n mới của nước hoa&nbsp;sẽ biến bạn trở th&agrave;nh người đ&agrave;n &ocirc;ng tr&agrave;n đầy sự tươi mới, ngọt ng&agrave;o.</p>\r\n\r\n<p>&nbsp;</p>\r\n\r\n<p><strong>Độ tuổi từ 25 đến 32 tuổi</strong></p>\r\n\r\n<p>Đối mặt với khoảng thời gian n&agrave;y, tủ quần &aacute;o của bạn dần sẽ kh&ocirc;ng c&ograve;n chỗ cho những chiếc quần jeans hay skinny, thay v&agrave;o đấy l&agrave; những chiếc quần t&acirc;y hay quần kaki với những gam m&agrave;u trầm hơn. Những chiếc &aacute;o của bạn sẽ trở n&ecirc;n &iacute;t họa tiết hơn v&agrave; l&uacute;c n&agrave;y bạn sẽ dẫn qu&ecirc;n đi những đ&ocirc;i gi&agrave;y cổ cao, những đ&ocirc;i bốt chất lừ m&agrave; thay v&agrave;o đấy l&agrave; những đ&ocirc;i gi&agrave;y lười, gi&agrave;y t&acirc;y lịch l&atilde;m đĩnh đạc.</p>\r\n\r\n<p>Đ&uacute;ng rằng bạn đ&atilde; thật sự tới tuổi bước sang một bước ngoặt mới trong cuộc đời đ&oacute; l&agrave; sẽ c&oacute; một gia đ&igrave;nh trong tương lai, một t&aacute;c phong đĩnh đạc cho những bước tiến l&acirc;u d&agrave;i trong sự nghiệp. L&uacute;c n&agrave;y m&ugrave;i hương nước hoa gi&uacute;p bạn to&aacute;t ra thứ thần th&aacute;i ấy đ&oacute; l&agrave;&nbsp;<a href=\"http://perfume168.com/nuoc-hoa/12321hermes-terre-d%E2%80%99hermes-giftset--125ml-30ml--2667\"><strong>Terre d&rsquo;Hermes</strong></a>.&nbsp; Vẫn l&agrave; hương vị cam, bưởi nhưng với c&aacute;i hậu đầm ấm của m&ugrave;i hương hoắc hương, gỗ tuyết t&ugrave;ng, gỗ vertier, nhựa c&acirc;y sẽ tạo cho bạn một phong th&aacute;i đầy sự chững chạc v&agrave; trưởng th&agrave;nh.</p>\r\n\r\n<p><img alt=\"\" src=\"http://perfume168.com/Images/Media/2017/3/Terre%20d%E2%80%99Hermes.jpg\" /></p>\r\n\r\n<p><em>Terre d&rsquo;Hermes tr&agrave;n đầy sự th&aacute;ch thức</em></p>\r\n\r\n<p>&nbsp;</p>\r\n\r\n<p><strong>Độ tuổi từ 35 đến 45 tuổi</strong></p>\r\n\r\n<p>Bạn l&agrave; người đang &ocirc;ng c&oacute; sự nghiệm tr&ecirc;n đ&agrave; ph&aacute;t triển, người đ&agrave;n &ocirc;ng trụ cột của gia đ&igrave;nh, l&agrave; một người cha ho&agrave;n hảo, l&agrave; một người sếp tuyệt vời. L&agrave; người đ&agrave;n &ocirc;ng của tuổi trung ni&ecirc;n s&acirc;u sắc hơn&nbsp;<a href=\"http://perfume168.com/nuoc-hoa/12321hugo-boss-boss-bottled-men-2005\"><strong>Hugo Boss</strong>&nbsp;<strong>Boss Bottled</strong></a>&nbsp;sẽ l&agrave; loại nước hoa cho nam ph&ugrave; hợp nhất cho bạn v&agrave;o thời điểm n&agrave;y. Với hương thơm đầy nam t&iacute;nh, sắc sảo với m&ugrave;i hương gỗ ấm &aacute;p, mang đến vẻ đẹp cổ điển v&agrave; thanh lịch. N&oacute; l&agrave; biểu tượng cho người đ&agrave;n &ocirc;ng th&agrave;nh c&ocirc;ng, mạnh mẽ, đĩnh đạc v&agrave; l&agrave; người đang nh&igrave;n về tương lai.</p>\r\n\r\n<p>&nbsp;</p>\r\n\r\n<p><img alt=\"\" src=\"http://perfume168.com/Images/Media/2017/3/Hugo%20Boss%20Boss%20Bottled%20Men%202.jpg\" style=\"height:366px; width:653px\" /></p>\r\n\r\n<p><em>Hugo Boss&nbsp;Boss Bottled&nbsp;l&agrave; biểu tượng cho người đ&agrave;n &ocirc;ng th&agrave;nh c&ocirc;ng, mạnh mẽ, đĩnh đạc</em></p>\r\n\r\n<p>&nbsp;</p>\r\n\r\n<p><strong>V&agrave; 46 tuổi trở l&ecirc;n</strong></p>\r\n\r\n<p>Với độ tuổi n&agrave;y, nhiều người sẽ biết đến nhiều điều tốt hơn ở một người đ&agrave;n &ocirc;ng. Đ&oacute; l&agrave; n&eacute;t đẹp của thời gian, những giọt mồ h&ocirc;i, những bước ch&acirc;n, những điếu x&igrave;-g&agrave;, chiếc radio, v&agrave; c&aacute;c g&oacute;c văn ph&ograve;ng của bạn. Điều hiển nhi&ecirc;n, bạn c&oacute; thể bước đi với phong c&aacute;ch năng động v&agrave; trẻ trung thời c&ograve;n trẻ của bạn. V&igrave; nếu kh&ocirc;ng c&oacute; những suy nghĩ ngu ngốc hay những thất bại thưở ấy th&igrave; bạn sẽ kh&ocirc;ng trở th&agrave;nh người đang &ocirc;ng như b&acirc;y giờ.</p>\r\n\r\n<p>&nbsp;</p>\r\n\r\n<p><img alt=\"\" src=\"http://perfume168.com/Images/Media/2017/3/Tom%20Ford%20Tobacco%20Vanille%20Unisex.jpg\" style=\"height:353px; width:634px\" /></p>\r\n\r\n<p><em>Tom Ford Tobacco Vanille Như một sự suy tư, sự d&agrave;y dặn tr&agrave;n đầy ấm &aacute;p</em></p>\r\n\r\n<p>&nbsp;</p>\r\n\r\n<p><strong><a href=\"http://perfume168.com/nuoc-hoa/12321tom-ford-tobacco-vanille-unisex-958\">Tom Ford Tobacco Vanille&nbsp;</a></strong>với hương thơm cay cay của kh&oacute;i thuốc l&aacute; pha một ch&uacute;t ngọt n&agrave;o của vanila, ca cao v&agrave; tr&aacute;i c&acirc;y sấy để lại một ch&uacute;t hương ấm &aacute;p của m&ugrave;i th&acirc;n gỗ. Sự h&ograve;a quyện h&agrave;i h&ograve;a ấy khiến bạn trở n&ecirc;n quyền lực hơn v&agrave; ấm &aacute;p hơn.</p>\r\n\r\n<p>Kết cho những m&aacute;ch nhỏ của&nbsp;<strong>Perfume168</strong>&nbsp;rằng việc chọn hương nước hoa cho nam ph&ugrave; hợp với độ tuổi v&agrave; c&aacute; t&iacute;nh n&oacute; sẽ gi&uacute;p bạn trở n&ecirc;n lịch l&atilde;m hơn trong bộ trang phục bạn chọn, gi&uacute;p bạn l&agrave;m chủ của bữa tiệc v&agrave; đặc biệt hơn rằng sẽ c&oacute; người nhớ m&atilde;i hương nước hoa của bạn.</p>\r\n\r\n<p><strong>Perfume168 tổng hợp</strong>&nbsp;(Tham khảo nguồn&nbsp;elleman.vn)</p>\r\n', '2021-05-01', 1, 'Chọn nước hoa cho nam theo từng độ tuổi', 'nam_theo_dotuoi.jpg', '<p>Nếu bạn đang l&agrave; những ch&agrave;ng trai trẻ năng động, bạn sẽ th&iacute;ch m&ugrave;i hương g&igrave;? Hoặc bạn đang l&agrave; một doanh nh&acirc;n th&agrave;nh đạt, m&ugrave;i n&agrave;o sẽ khiến bạn thoải m&aacute;i v&agrave; dễ chịu?</p>\r\n'),
(13, 1, '<p><strong>D&ugrave;ng&nbsp;<a href=\"http://perfume168.com/\">nước hoa thật</a>&nbsp;ra l&agrave; để cho những người xung quanh bạn chứ kh&ocirc;ng phải cho bạn. Ch&iacute;nh v&igrave; thế, m&ugrave;i hương ph&ugrave; hợp nhất với mọi người sẽ tốt hơn l&agrave; bạn cố gắng d&ugrave;ng thử những m&ugrave;i đặc biệt. C&oacute; những m&ugrave;i hương vượt thời gian m&agrave; ở bất kỳ thời đại n&agrave;o n&oacute; cũng được mọi người ưa chuộng v&agrave; sử dụng rộng r&atilde;i. Điều n&agrave;y sẽ gi&uacute;p bạn tự tin hơn khi bạn mới bắt đầu quan t&acirc;m đến nước hoa hay chỉ c&oacute; một lọ duy nhất để sử dụng.</strong></p>\r\n\r\n<p>H&atilde;y d&ugrave;ng loại nước hoa c&oacute; thương hiệu: Đ&acirc;y được coi l&agrave; một b&iacute; quyết độc đ&aacute;o nhất trong ng&agrave;nh c&ocirc;ng nghiệp nước hoa. Bởi rất nhiều người c&ocirc;ng nhận rằng những thương hiệu lớn m&ugrave;i hương sẽ hợp với nhiều người, hơn thế nữa n&oacute; cũng rất sang trọng, qu&yacute; ph&aacute;i, ph&ugrave; hợp l&agrave;m tặng phẩm. Nếu bạn muốn mua tặng nước hoa cho ai đ&oacute; biết nhiều về nước hoa hơn bạn, h&atilde;y chọn một sản phẩm nổi tiếng, đ&oacute; ch&iacute;nh l&agrave; một giải ph&aacute;p ho&agrave;n hảo.</p>\r\n\r\n<p>Tr&ecirc;n thị trường c&oacute; rất nhiều d&ograve;ng&nbsp;<a href=\"http://perfume168.com/nuoc-hoa-nu-183-83-0-/0/1\">nước hoa nữ</a>&nbsp;cho bạn lựa chọn, nhưng c&oacute; 5 d&ograve;ng nước hoa của Ph&aacute;p lu&ocirc;n &quot;đ&aacute;nh gục&quot; mọi t&iacute;n đồ l&agrave;m đẹp, với hương thơm cổ điển v&agrave; tinh t&uacute;y, h&atilde;y xem qua những loại nước hoa bạn n&ecirc;n thử 1 lần trong đời nh&eacute;!.</p>\r\n\r\n<p>&nbsp;</p>\r\n\r\n<h3><strong>1/ Nh&atilde;n hiệu&nbsp;<a href=\"http://perfume168.com/nuoc-hoa-chanel-120-83-0-/2/1\">nước hoa Chanel</a>&nbsp;nổi tiếng khắp thế giới.</strong></h3>\r\n\r\n<p>&nbsp;</p>\r\n\r\n<p><img alt=\"\" src=\"http://perfume168.com/Images/Media/2017/3/chanel-parfums.jpg\" style=\"height:348px; width:619px\" /></p>\r\n\r\n<p>&nbsp;</p>\r\n\r\n<p>Đ&acirc;y l&agrave; loại nước hoa đầy nữ t&iacute;nh, quyến rũ mọi phụ nữ kh&oacute; t&iacute;nh nhất với hương thơm cổ điển. L&agrave; một trong 100 người phụ nữ c&oacute; ảnh hưởng lớn tr&ecirc;n thế giới, CoCo<a href=\"http://perfume168.com/05-dong-nuoc-hoa-phap-phai-thu-trong-doi-12433191#24309816\" style=\"z-index: 2147483647;\">Chanel<img src=\"http://cdncache-a.akamaihd.net/items/it/img/arrow-10x10.png\" /></a>&nbsp;được coi l&agrave; một biểu tượng đ&aacute;ng ngưỡng mộ trong l&agrave;ng thời trang thế kỷ 20. Những thiết kế<a href=\"http://perfume168.com/05-dong-nuoc-hoa-phap-phai-thu-trong-doi-12433191#27629791\">Chanel<img src=\"http://cdncache-a.akamaihd.net/items/it/img/arrow-10x10.png\" /></a>&nbsp;lu&ocirc;n thuyết phục giới s&agrave;nh điệu, d&ugrave; rằng gi&aacute; của n&oacute; thường &hellip; &ldquo;tr&ecirc;n trời&rdquo;. Đặc biệt nước hoa<a href=\"#10773489\"> Chanel<img src=\"http://cdncache-a.akamaihd.net/items/it/img/arrow-10x10.png\" /></a> được coi l&agrave; thương hiệu nước hoa đẳng cấp nhất.</p>\r\n\r\n<p>&nbsp;</p>\r\n\r\n<p><img alt=\"\" src=\"http://perfume168.com/Images/Media/2017/3/Chanel%20Coco%20Eau%20De%20Parfum%20Women.jpg\" style=\"height:289px; width:562px\" /></p>\r\n\r\n<p>&nbsp;</p>\r\n\r\n<p>Trong c&aacute;c loại nước hoa của<a href=\"#9542658\" style=\"z-index: 2147483647;\"> Chanel<img src=\"http://cdncache-a.akamaihd.net/items/it/img/arrow-10x10.png\" /></a> c&oacute; thể nhắc đến<a href=\"http://perfume168.com/nuoc-hoa/12321chanel-coco-eau-de-parfum-women-1114\" style=\"z-index: 2147483647;\"><strong>&nbsp;Chanel Coco Eau De Parfum</strong></a>&nbsp;đ&atilde; được giới thiệu ra thị trường hơn 30 năm, nhưng hương thơm của n&oacute; được c&aacute;c ph&aacute;i đẹp rất y&ecirc;u th&iacute;ch v&agrave; xem như l&agrave; một m&oacute;n trang sức kh&ocirc;ng thể thiếu để thể hiện phong c&aacute;ch t&aacute;o bạo của m&igrave;nh.</p>\r\n\r\n<p>&nbsp;</p>\r\n\r\n<p><img alt=\"\" src=\"http://perfume168.com/Images/Media/2017/3/Chanel%20Coco%20Mademoiselle%20Women.jpg\" style=\"height:333px; width:509px\" /></p>\r\n\r\n<p>&nbsp;</p>\r\n\r\n<p>Hay&nbsp;<a href=\"http://perfume168.com/nuoc-hoa/12321chanel-coco-mademoiselle-women-1115\"><strong>Coco Mademoiselle</strong></a>&nbsp;l&agrave; một trong những d&ograve;ng nước hoa được y&ecirc;u th&iacute;ch v&agrave; b&aacute;n chạy tr&ecirc;n thế giới, v&igrave; hương thơm cổ điển ho&agrave;n hảo của n&oacute;. N&oacute; th&iacute;ch hợp với những phụ nữ tuổi từ 20 đến 30.&nbsp;Chỉ cần phủ một &iacute;t nước hoa&nbsp;<strong>Coco Mademoiselle</strong>&nbsp;l&ecirc;n cơ thể trước khi đi dạo phố, bạn đ&atilde; thật sự trở th&agrave;nh một qu&yacute; c&ocirc; hấp dẫn trong mắt những người xung quanh.</p>\r\n\r\n<p><img alt=\"\" src=\"http://perfume168.com/Images/Media/2017/3/Chanel%20No.5%20Eau%20De%20Parfum%20Women%202.jpg\" style=\"height:443px; width:443px\" /></p>\r\n\r\n<p>Đặc biệt hương thơm huyền thoại mang đậm t&iacute;nh cổ điển, được v&iacute; như h&agrave;ng tỷ b&ocirc;ng hoa được &eacute;p v&agrave;o trong một chai nước hoa&nbsp;của&nbsp;<a href=\"http://perfume168.com/nuoc-hoa/12321chanel-no-5-eau-de-parfum-women-1131\"><strong>Chanel No5</strong></a>&nbsp;xứng đ&aacute;ng sở hữu một vị tr&iacute; biểu tượng của ri&ecirc;ng m&igrave;nh. Nam giới y&ecirc;u th&iacute;ch m&ugrave;i hương n&agrave;y tr&ecirc;n cơ thể nữ giới v&agrave; nữ giới cũng y&ecirc;u th&iacute;ch trải nghiệm hương thơm với v&ocirc; v&agrave;n l&iacute; do.</p>\r\n\r\n<h3><strong>2/&nbsp;<a href=\"http://perfume168.com/nuoc-hoa-guerlain-150-83-0-/2/1\">Nh&atilde;n hiệu Guerlain</a>&nbsp;</strong></h3>\r\n\r\n<p>Guerlain l&agrave; h&atilde;ng nước hoa huyền thoại ở Ph&aacute;p với 175 năm kinh nghiệm c&ugrave;ng niềm đam m&ecirc; bất tận trong lĩnh vực n&agrave;y,&nbsp;<a href=\"http://perfume168.com/nuoc-hoa-guerlain-150-83-0-/2/1\">Guerlain</a>&nbsp;trở th&agrave;nh một trong những h&atilde;ng nước hoa l&acirc;u đời nhất v&agrave; nổi tiếng nhất tại Ph&aacute;p. Guerlain lu&ocirc;n lu&ocirc;n sử dụng những hương liệu sang trọng v&agrave; qu&yacute; hiếm như vani Ph&aacute;p, hoa ngọc lan t&acirc;y từ khu rừng được trồng bằng&nbsp;ch&iacute;nh tay của&nbsp;Guerlain ở quần đảo Comoro.</p>\r\n\r\n<p>Nước hoa&nbsp;<a href=\"http://perfume168.com/nuoc-hoa/23232guerlain-shalimar-women--1824\">Shalimar</a>&nbsp;được s&aacute;ng tạo bởi Jacques Guerlain v&agrave;o năm 1925 v&agrave; được xem như l&agrave; chai nước hoa mang &acirc;m hưởng phương Đ&ocirc;ng đầu ti&ecirc;n, được lấy cảm hứng từ t&igrave;nh y&ecirc;u bất diệt của ho&agrave;ng đế Shahjahan v&agrave; vợ của &ocirc;ng ta Mumtaz Mahal.&nbsp;<strong>Shalimar</strong>&nbsp;l&agrave; một chai nước hoa nữ t&iacute;nh, đầy thu h&uacute;t v&agrave; bất hủ đối với giới nước hoa. M&ugrave;i hương nước hoa quyến rũ v&agrave; mịn m&agrave;n với hương vani ngọt ng&agrave;o &ocirc;m lấy hương ấm &aacute;p của hương trầm v&agrave; hổ ph&aacute;ch. Sang trọng v&agrave; ki&ecirc;n tr&igrave;, sự hấp dẫn quyến rũ của Shalimar chứa&nbsp;đựng.</p>\r\n\r\n<p><img alt=\"\" src=\"http://perfume168.com/Images/Media/2017/3/Guerlain%20Shalimar%20Women.jpg\" style=\"height:467px; width:477px\" /></p>\r\n\r\n<p>Năm 2009&nbsp;Guerlain đ&atilde; tung ra chai nước hoa&nbsp;<a href=\"http://perfume168.com/nuoc-hoa/23232guerlain-la-petite-robe-noir-women--1820\">La Petite Robe Noire</a>&nbsp;(chiếc v&aacute;y đen nhỏ).&nbsp;Như c&aacute;i t&ecirc;n đ&atilde; n&oacute;i l&ecirc;n, chai nước hoa n&agrave;y được lấy cảm hứng từ những bộ trang phục bất hủ v&agrave; thời trang của ph&aacute;i nữ.&nbsp;Đ&acirc;y l&agrave; một m&ugrave;i hương ban đ&ecirc;m, th&iacute;ch hợp với m&ugrave;a thu v&agrave; đ&ocirc;ng. Hương thơm l&yacute; tưởng cho những buổi dạ tiệc sang trọng, hoặc những cuộc hẹn h&ograve; để th&ecirc;m phần l&atilde;ng mạn.</p>\r\n\r\n<p><img alt=\"\" src=\"http://perfume168.com/Images/Media/2017/3/Guerlain%20La%20Petite%20Robe%20Noir%20Women.jpg\" /></p>\r\n\r\n<h3><strong>3/&nbsp;<a href=\"http://perfume168.com/nuoc-hoa-cacharel-116-0-4-/2/1\">Thương hiệu Cacharel</a></strong></h3>\r\n\r\n<p>H&atilde;ng Cacharel hiện&nbsp;c&oacute; hơn&nbsp;56 loại nước hoa,&nbsp;D&ograve;ng nước hoa đầu ti&ecirc;n của thương hiệu Cacharel mang t&ecirc;n Ana&iuml;s Ana&iuml; ra mắt năm 1978. Hương thơm của Ana&iuml;s Ana&iuml; to&aacute;t l&ecirc;n vẻ dịu d&agrave;ng, nhẹ nh&agrave;ng nhưng rất thời thượng, cho đến ng&agrave;y h&ocirc;m nay d&ograve;ng nước hoa cổ điển đầy nữ t&iacute;nh n&agrave;y vẫn được rất nhiều người y&ecirc;u th&iacute;ch. Sau đ&oacute;, h&atilde;ng Cacharel tiếp tục tung ra thị trường nhiều d&ograve;ng nước hoa d&agrave;nh cho nam v&agrave; nữ.</p>\r\n\r\n<p><img alt=\"\" src=\"http://perfume168.com/Images/Media/2017/3/Amor%20Amor%202003.jpg\" style=\"height:367px; width:661px\" /></p>\r\n\r\n<p>Năm 2003,&nbsp;<a href=\"http://perfume168.com/nuoc-hoa-cacharel-116-0-4-/2/1\">Cacharel</a>&nbsp;cho ra mắt&nbsp;<a href=\"http://perfume168.com/nuoc-hoa/12321cacharel-amor-amor-women-100ml-1562\">nước hoa&nbsp;<strong>Amor Amor</strong></a>.&nbsp;<strong>Amor Amor</strong>&nbsp;mang đến một m&ugrave;i hương tr&aacute;i c&acirc;y &ndash; hoa cỏ được thiết kế d&agrave;nh cho những người nữ giới đang muốn t&igrave;m kiếm những trải nghiệm mới mẻ trong t&igrave;nh y&ecirc;u.&nbsp;Hơn thế nữa, m&ugrave;i hương đầy tuyệt vời n&agrave;y sẽ khơi dậy sự nữ t&iacute;nh đang tiềm ẩn trong cơ thể bạn v&agrave; sẽ l&agrave; sự bổ sung ho&agrave;n hảo cho một ng&agrave;y l&agrave;m việc tr&agrave;n đầy năng lượng.</p>\r\n\r\n<h3><strong>4/ D&ograve;ng nước hoa&nbsp;<a href=\"http://perfume168.com/nuoc-hoa-lancome-172-0-4-/2/1\">Lancome</a>&nbsp;Ph&aacute;p</strong></h3>\r\n\r\n<p>Với những người ưa chuộng mỹ phẩm Ph&aacute;p th&igrave; nh&atilde;n hiệu Lancome đ&atilde; qu&aacute; quen thuộc với h&agrave;ng trăm loại mỹ phẩm kh&aacute;c nhau như sữa rửa mặt Lancome, kem dưỡng da, trang điểm Lancome&hellip;v&agrave; kh&ocirc;ng thể kh&ocirc;ng nhắc đến m&ugrave;i hương sang trọng, quyến rũ của&nbsp;<a href=\"http://perfume168.com/nuoc-hoa-lancome-172-0-4-/2/1\">nước hoa Ph&aacute;p Lancome</a>.</p>\r\n\r\n<p>Nước hoa&nbsp;<a href=\"http://perfume168.com/nuoc-hoa-lancome-172-0-4-/2/1\">Lancome</a>&nbsp;trở th&agrave;nh một biểu tượng của phụ nữ ch&acirc;u &Acirc;u v&agrave; cả thế giới về sự sang trọng, ki&ecirc;u sa v&agrave; khi&ecirc;u kh&iacute;ch từ m&ugrave;i hương.</p>\r\n\r\n<p><img alt=\"\" src=\"http://perfume168.com/Images/Media/2017/3/Lancome%20Miracle%20Women.jpg\" style=\"height:424px; width:424px\" /></p>\r\n\r\n<p>Ti&ecirc;u biểu của nước hoa Lancome c&oacute; thể nhắc đến&nbsp;<a href=\"http://perfume168.com/nuoc-hoa/12321lancome-miracle-women-1064\"><strong>Lancome Miracle</strong></a>.<strong>&nbsp;</strong>Lấy m&agrave;u hồng l&agrave;m m&agrave;u sắc ch&iacute;nh cho sản phẩm, với thiết kế chai đơn giản. Thế nhưng, s&aacute;nh đ&ocirc;i c&ugrave;ng m&agrave;u hồng nhẹ nh&agrave;ng ấy lại l&agrave; d&ograve;ng hương tr&agrave;n đ&acirc;y năng lượng v&agrave; c&aacute; t&iacute;nh. Mang&nbsp;cảm hứng từ cuộc sống, xem&nbsp;cuộc sống như một ph&eacute;p lạ v&agrave; những điều nhỏ nhất đều mang đến niềm vui v&agrave; hạnh ph&uacute;c,&nbsp;<strong>Miracle</strong>&nbsp;vượt qua giới hạn của chai nước hoa th&ocirc;ng thường, trở th&agrave;nh người bạn kh&ocirc;ng thể thiếu cho ph&aacute;i đẹp.</p>\r\n\r\n<h3><strong>5/&nbsp;<a href=\"http://perfume168.com/nuoc-hoa-kenzo-167-83-0-/2/1\">Nước hoa Kenzo</a></strong></h3>\r\n\r\n<p>Thương hiệu nước hoa Kenzo được th&agrave;nh lập năm 1987,&nbsp;<a href=\"http://perfume168.com/nuoc-hoa-kenzo-167-83-0-/2/1\">nước hoa&nbsp;Kenzo</a>&nbsp;hiện tại&nbsp;c&oacute; 99 loại nước hoa, d&ograve;ng nước hoa đầu ti&ecirc;n ra mắt năm 1978.&nbsp;</p>\r\n\r\n<p>&nbsp;</p>\r\n\r\n<p><img alt=\"\" src=\"http://perfume168.com/Images/Media/2017/3/962_20141008225736.jpg\" /></p>\r\n\r\n<p>&nbsp;</p>\r\n\r\n<p>Năm 2000, Kenzo cho ra nước chai nước hoa d&agrave;nh cho ph&aacute;i đẹp&nbsp;<a href=\"http://perfume168.com/nuoc-hoa/12321kenzo-flower-by-kenzo-eau-de-parfum-2147\">Flower by Kenzo</a>&nbsp;(gọi tắt l&agrave;&nbsp;Flower). Kenzo Flower&nbsp;thuộc nh&oacute;m hương hoa cỏ phương Đ&ocirc;ng.&nbsp;Kenzo Flower l&agrave; d&ograve;ng nước hoa hiện đại, ph&ugrave; hợp cho những người phụ nữ giản dị, mộc mạc. Hương thơm nữ t&iacute;nh của n&oacute; th&iacute;ch hợp cho những dịp đặc biệt. Từ khi ra mắt v&agrave;o năm 2000,&nbsp;<a href=\"http://perfume168.com/nuoc-hoa/23232kenzo-flower-by-kenzo-eau-de-toilette-2151\">Flower by Kenzo</a>&nbsp;đ&atilde; trở th&agrave;nh sự lựa chọn l&yacute; tưởng của những ai th&iacute;ch một ch&uacute;t g&igrave; đ&oacute; nhẹ nh&agrave;ng nhưng độc đ&aacute;o. Cho d&ugrave; bạn sử dụng nước hoa ở đ&acirc;u đi nữa, chắc chắn bạn sẽ khiến những&nbsp;người kh&aacute;c&nbsp;ngo&aacute;i nh&igrave;n v&agrave;&nbsp;thu h&uacute;t được rất nhiều sự ch&uacute; &yacute;.</p>\r\n\r\n<p>&nbsp;</p>\r\n\r\n<p><img alt=\"\" src=\"http://perfume168.com/Images/Media/2017/3/Kenzo%20Amour.png\" style=\"height:433px; width:374px\" /></p>\r\n\r\n<p>&nbsp;</p>\r\n\r\n<p>Đến năm 2006,&nbsp;<strong><a href=\"http://perfume168.com/nuoc-hoa/12321kenzo-amour-women-2154\">Amour</a></strong>&nbsp;được tung ra tr&ecirc;n thị trường.&nbsp;<strong>Amour</strong>&nbsp;l&agrave; d&ograve;ng nước hoa nhẹ nh&agrave;ng, gợi cảm, tinh tế v&agrave; tươi vui được lấy cảm hứng từ chuyến đi l&atilde;ng mạn đầy hương thơm đến Ch&acirc;u &Aacute; khi&nbsp;Daphne Burgey (người s&aacute;ng lập ra nước hoa) khi c&ocirc; ấy du lịch đến Indonesia.&nbsp;Hương thơm cay l&agrave;m cho&nbsp;<a href=\"http://perfume168.com/nuoc-hoa/12321kenzo-amour-women-2154\"><strong>Amour</strong></a>&nbsp;l&agrave; một sự lựa chọn tuyệt vời cho bất kỳ dịp n&agrave;o. Chai nước hoa được thiết kế rất đặc biệt. C&oacute; ba chai với ba m&agrave;u sắc kh&aacute;c nhau nhưng c&ugrave;ng một m&ugrave;i hương.&nbsp;<strong>Amour</strong>sẽ để lại ấn tượng cho những người xung quanh bạn ngay khi bạn vừa xuất hiện.&nbsp;<strong>Amour</strong>&nbsp;th&iacute;ch hợp khi d&ugrave;ng v&agrave;o buổi tối đi dạo phố c&ugrave;ng bạn b&egrave; hoặc gia đ&igrave;nh.</p>\r\n\r\n<p><strong>Perfume168 (tổng hợp).</strong></p>\r\n', '2021-05-01', 1, '05 dòng nước hoa Pháp phải thử trong đời', '5dong.jpg', '<p>Tr&ecirc;n thị trường c&oacute; rất nhiều d&ograve;ng nước hoa cho bạn lựa chọn, nhưng c&oacute; 5 d&ograve;ng nước hoa của Ph&aacute;p lu&ocirc;n &quot;đ&aacute;nh gục&quot; mọi t&iacute;n&nbsp;đồ l&agrave;m&nbsp;đẹp.</p>\r\n'),
(14, 1, '<p><strong>&quot;M&ugrave;i hương cũng l&agrave; m&ugrave;i của kỉ niệm thế n&ecirc;n d&ugrave; thời gian c&oacute; qu&aacute; đi, con người rồi c&oacute; thay đổi nhưng khi chợt nhớ về một con người n&agrave;o đ&oacute; vốn đ&atilde; mất dần trong qu&aacute; khứ, người ta hẳn sẽ nghĩ ngay đến m&ugrave;i hương đọng lại ở những nơi người đ&oacute; đi qua. V&agrave; bạn c&oacute; chắc với t&ocirc;i rằng bạn chưa bao giờ ph&agrave;n n&agrave;n bạn trai hay chồng m&igrave;nh khi họ v&ocirc; t&igrave;nh n&oacute;i rằng &quot;Anh đ&atilde; ngửi m&ugrave;i hương n&agrave;y đ&acirc;u đ&oacute; rồi!&quot;.</strong></p>\r\n\r\n<p>&nbsp;</p>\r\n\r\n<p><img alt=\"\" src=\"http://perfume168.com/Images/Media/2017/4/xit-nuoc-hoa-800x600.jpg\" style=\"height:411px; width:547px\" /></p>\r\n\r\n<p>&nbsp;</p>\r\n\r\n<p>Chắc hẳn ai trong ch&uacute;ng ta cũng từng nghe qua c&acirc;u n&oacute;i &quot;hữu xạ tự nhi&ecirc;n hương&quot;? Điều n&agrave;y c&oacute; nghĩa l&agrave; nếu một c&aacute;i g&igrave; đ&oacute; tự bản th&acirc;n n&oacute; c&oacute; m&ugrave;i hương th&igrave; ắt sẽ c&oacute; khả năng cuốn h&uacute;t mọi người lại gần v&agrave; chi&ecirc;m ngưỡng.</p>\r\n\r\n<p><a href=\"http://perfume168.com/nuoc-hoa-nu-183-83-0-/0/1\">Phụ nữ cũng như một đ&oacute;a hoa</a>&nbsp;(cứ mặc định l&agrave; thế), cũng cần lắm một m&ugrave;i hương đủ thơm, đủ mạnh để g&acirc;y ch&uacute; &yacute;, để k&eacute;o mọi sự tập trung về ph&iacute;a m&igrave;nh. Cũng c&oacute; một c&acirc;u n&oacute;i thế n&agrave;y &quot;Phụ nữ c&oacute; thể kh&ocirc;ng đẹp nhưng nhất thiết c&ocirc; ta phải sạch v&agrave; thơm&quot;. T&ocirc;i chỉ x&eacute;t về nghĩa đen của c&acirc;u n&oacute;i n&agrave;y v&agrave; xin kh&ocirc;ng b&agrave;n đến nghĩa b&oacute;ng.</p>\r\n\r\n<p>Quả thật, bạn biết kh&ocirc;ng đ&ocirc;i khi chỉ một m&ugrave;i thơm rất đỗi g&acirc;y ấn tượng n&agrave;o đ&oacute; lại c&oacute; khả năng th&ocirc;i mi&ecirc;n con người ta đến lạ, n&oacute; lấn &aacute;t cả c&aacute;i gọi sắc đẹp v&agrave; mọi điều hữu h&igrave;nh dễ nh&igrave;n thấy b&ecirc;n ngo&agrave;i. M&ugrave;i hương ấy tuyệt nhi&ecirc;n sẽ c&oacute; khả năng đ&aacute;nh thức mọi gi&aacute;c quan của người đ&agrave;n &ocirc;ng v&agrave; khiến họ dễ say đắm hơn bất k&igrave; điều g&igrave; đ&oacute; tr&ecirc;n đời. Thế n&ecirc;n, g&igrave; th&igrave; g&igrave;, phụ nữ chả cần quan t&acirc;m đẹp hay kh&ocirc;ng, c&ocirc; ta h&atilde;y thơm trước đ&atilde;.</p>\r\n\r\n<p>&nbsp;</p>\r\n\r\n<p><img alt=\"\" src=\"http://perfume168.com/Images/Media/2017/4/bi-quyet-xit-nuoc-hoa-giu-mui-thom-lau-nhat-3.jpg\" style=\"height:465px; width:568px\" /></p>\r\n\r\n<p><em>M&ugrave;i hương cũng l&agrave; m&ugrave;i của kỉ niệm</em></p>\r\n\r\n<p>&nbsp;</p>\r\n\r\n<p>M&ugrave;i hương cũng l&agrave; m&ugrave;i của kỉ niệm thế n&ecirc;n d&ugrave; thời gian c&oacute; qu&aacute; đi, con người rồi c&oacute; thay đổi nhưng khi chợt nhớ về một con người n&agrave;o đ&oacute; vốn đ&atilde; mất dần trong qu&aacute; khứ, người ta hẳn sẽ nghĩ ngay đến m&ugrave;i hương đọng lại ở những nơi người đ&oacute; đi qua. V&agrave; bạn c&oacute; chắc với t&ocirc;i rằng bạn chưa bao giờ ph&agrave;n n&agrave;n bạn trai hay chồng m&igrave;nh khi họ v&ocirc; t&igrave;nh n&oacute;i rằng &quot;Anh đ&atilde; ngửi m&ugrave;i hương n&agrave;y đ&acirc;u đ&oacute; rồi!&quot;.</p>\r\n\r\n<p>Vậy phụ nữ n&ecirc;n sử dụng nước hoa thế n&agrave;o?.</p>\r\n\r\n<p>Đ&acirc;y hẳn l&agrave; c&acirc;u n&oacute;i kh&oacute; trả lời nhất. Bởi v&igrave; sao?.</p>\r\n\r\n<p>Thứ nhất, đ&oacute; phải l&agrave; m&ugrave;i&nbsp;<a href=\"http://perfume168.com/\">nước hoa</a>&nbsp;gắn liền với c&aacute; t&iacute;nh hay phong c&aacute;ch của bạn trước đ&atilde;. Tr&ecirc;n đời n&agrave;y hẳn sẽ kh&ocirc;ng c&oacute; một loại nước hoa n&agrave;o c&oacute; khả năng khiến tất cả phụ nữ đều trở n&ecirc;n nổi bật. m&agrave; nếu c&oacute; thật như vậy th&igrave; bạn chẳng qua cũng chỉ l&agrave; một c&ocirc; g&aacute;i chả c&oacute; g&igrave; nổi bật trong nh&oacute;m người nổi bật đ&oacute;. Người đ&agrave;n &ocirc;ng thường bị say đắm bởi một m&ugrave;i hương rất ri&ecirc;ng m&agrave; anh ta sẽ kh&ocirc;ng từng &quot;thấy&quot; ở bất k&igrave; đ&acirc;u trước đ&oacute;.</p>\r\n\r\n<p>V&iacute; dụ như bạn l&agrave; một c&ocirc; g&aacute;i năng động th&igrave; hẳn l&agrave; m&ugrave;i nước hoa cũng n&ecirc;n c&oacute; ch&uacute;t g&igrave; &quot;mạnh mẽ b&ecirc;n trong&quot; hay như một c&ocirc; g&aacute;i kh&oacute; hiểu th&igrave; m&ugrave;i nước hoa cũng phải c&oacute; ch&uacute;t ma mị, quyến rũ, c&agrave;ng ngửi c&agrave;ng thơm để l&agrave;m người kh&aacute;c chết m&ecirc; chết mệt v&agrave; để khiến cho một ai đ&oacute; khi &quot;nghe&quot; phải hương thơm ấy phải trầm trồ thốt l&ecirc;n &quot;m&ugrave;i nước hoa n&agrave;y sinh ra vốn d&agrave;nh cho c&ocirc; đấy!&quot;. Tuy nhi&ecirc;n, vẫn n&ecirc;n lưu &yacute; một điều l&agrave; đừng bao giờ chọn những m&ugrave;i thơm qu&aacute; gắt, người ta sẽ thấy kh&oacute; chịu ngay trước khi họ kịp ph&aacute;t hiện ra sự quyến rũ b&ecirc;n trong của n&oacute;.</p>\r\n\r\n<p>&nbsp;</p>\r\n\r\n<p><img alt=\"\" src=\"http://perfume168.com/Images/Media/2017/4/cach-chon-nuoc-hoa-theo-tuoi-tac-1.jpg\" style=\"height:369px; width:555px\" /></p>\r\n\r\n<p><em>H&atilde;y xịt nước hoa ở nơi n&agrave;o m&agrave; bạn cảm thấy muốn được h&ocirc;n nhất</em></p>\r\n\r\n<p>&nbsp;</p>\r\n\r\n<p>Thứ hai, việc xịt nước hoa ở đ&acirc;u tr&ecirc;n cơ thể cũng l&agrave; điều hết sức quan trọng. Đừng nghĩ rằng miễn l&agrave; cơ thể ch&uacute;ng ta c&oacute; m&ugrave;i thơm th&igrave; n&oacute; tỏa ra từ đ&acirc;u kh&ocirc;ng l&agrave; g&igrave; to t&aacute;t. K&igrave; thực người ta thường hay chấm nhẹ v&agrave;i giọt nước hoa l&ecirc;n hai cổ tay v&agrave; phần cổ, dưới h&agrave;m một t&iacute;. Đơn giản đ&oacute; l&agrave; hai nơi m&agrave; người ta dễ d&agrave;ng cảm nhận m&ugrave;i nước hoa nhất. Điển h&igrave;nh l&agrave; một c&aacute;i bắt tay hay một lần gh&eacute; s&aacute;t v&agrave;o tai bạn n&oacute;i chuyện th&ocirc;i cũng l&agrave;m đọng lại sợi vương sợi vấn trong l&ograve;ng một ai đ&oacute; hay ở những nước Ch&acirc;u &Acirc;u, văn h&oacute;a gặp nhau l&agrave; đ&agrave;n &ocirc;ng thường h&ocirc;n l&ecirc;n tay phụ nữ thế n&ecirc;n việc bạn c&oacute; một m&ugrave;i hương nho nhỏ ở đ&oacute; l&agrave; điều rất đ&aacute;ng hoan ngh&ecirc;nh.</p>\r\n\r\n<p>Nhưng người ta vốn sản xuất ra nước hoa kh&ocirc;ng phải chỉ để d&agrave;nh cho n&oacute; &quot;cư ngụ&quot; tr&ecirc;n hai nơi ấy. T&ocirc;i xin mượn lời của một người n&agrave;o đ&oacute; để thay c&acirc;u trả lời của m&igrave;nh cho c&acirc;u hỏi &quot;xịt nước hoa ở đ&acirc;u để quyến rũ?&quot; đ&oacute; l&agrave; &quot;h&atilde;y xịt ở nơi n&agrave;o m&agrave; bạn cảm thấy muốn được h&ocirc;n nhất!&quot;</p>\r\n\r\n<p>V&agrave; chắc l&agrave; ai cũng biết m&igrave;nh muốn được h&ocirc;n ở đ&acirc;u nhất rồi nhỉ?.</p>\r\n\r\n<p><a href=\"http://perfume168.com/\">Perfume168</a>&nbsp;(Theo: Guu.vn)</p>\r\n', '2021-05-01', 1, 'Vì sao phụ nữ nên dùng nước hoa?', 'phu_nu_nen_dung.jpg', '<p>Phụ nữ cũng như một đ&oacute;a hoa, cũng cần lắm một m&ugrave;i hương đủ thơm, đủ mạnh để g&acirc;y chứ &yacute;, để k&eacute;o mọi sự tập trung về ph&iacute; m&igrave;nh.</p>\r\n'),
(16, 1, '<p><strong>Chọn&nbsp;<a href=\"http://perfume168.com/nuoc-hoa-nam-182-82-0-/0/1\">nước hoa cho nam</a>&nbsp;ph&ugrave; hợp với c&aacute; t&iacute;nh c&aacute; nh&acirc;n l&agrave; một trong những điều quan trọng khi bạn sử dụng nước hoa. V&igrave; đối với ph&aacute;i mạnh, nước hoa ngo&agrave;i việc thể hiện t&iacute;nh c&aacute;ch m&agrave; c&ograve;n biểu hiện của sự đẳng cấp.</strong></p>\r\n\r\n<p>&nbsp;</p>\r\n\r\n<p><img alt=\"\" src=\"http://perfume168.com/Images/Media/2017/3/B%C3%AD-quy%E1%BA%BFt-ch%E1%BB%8Dn-n%C6%B0%E1%BB%9Bc-hoa-cho-nam-elleman-1.jpg\" style=\"height:274px; width:590px\" /></p>\r\n\r\n<p><em>Nước hoa l&agrave; một trong những c&ocirc;ng cụ gi&uacute;p qu&yacute; &ocirc;ng&nbsp;</em><em>trở n&ecirc;n tự tin hơn trong mọi ho&agrave;n cảnh</em></p>\r\n\r\n<p>&nbsp;</p>\r\n\r\n<p><strong><a href=\"http://perfume168.com/\">Perfume168</a>&nbsp;</strong>nghĩ rằng bạn chỉ n&ecirc;n lựa chọn một loại hương nước hoa&nbsp;cho nam nhất định l&agrave;m m&ugrave;i hương đặc trưng cho ri&ecirc;ng m&igrave;nh. C&oacute; hai l&yacute; do ch&iacute;nh: thứ nhất l&agrave; bạn kh&ocirc;ng phải đau đầu mỗi ng&agrave;y phải lựa chọn loại nước hoa n&agrave;o cho ph&ugrave; hợp với trang phục hay ph&ugrave; hợp với t&acirc;m trạng. Việc lựa chọn một m&ugrave;i hương đặc trưng gi&uacute;p bạn đỡ phiền n&atilde;o cho những sự lựa chọn, ngo&agrave;i ra n&oacute; c&ograve;n gi&uacute;p cho bạn lu&ocirc;n tự tin v&agrave; cảm thấy thoải m&aacute;i nhất. L&yacute; do thứ hai, việc chọn một hương nước hoa quen thuộc sẽ định h&igrave;nh n&ecirc;n phong c&aacute;ch c&aacute; nh&acirc;n, đ&oacute; l&agrave; c&aacute;ch gi&uacute;p bạn cưa đổ những c&aacute;c c&ocirc; n&agrave;ng kh&oacute; t&iacute;nh v&agrave; gi&uacute;p cho họ lưu luyến v&agrave; nhận ra ngay hương nước hoa đặc trưng của bạn mỗi khi gặp bạn.</p>\r\n\r\n<p><strong>H&atilde;y để cho c&aacute; t&iacute;nh bản th&acirc;n l&agrave;m chủ khứu gi&aacute;c của bạn</strong></p>\r\n\r\n<p>V&agrave; tất nhi&ecirc;n, nước hoa bạn đang sử dụng sẽ phản &aacute;nh hầu như c&aacute; t&iacute;nh của bạn v&agrave; gi&uacute;p bạn lựa chọn một hương nước hoa đặc trưng cho m&igrave;nh. Để lựa chọn một hương nước hoa cho nam thật ri&ecirc;ng biệt, bạn n&ecirc;n ch&uacute; &yacute; những m&aacute;ch nhỏ sau:</p>\r\n\r\n<p>&ndash; Bạn l&agrave; một người đ&agrave;n &ocirc;ng đầy sự ki&ecirc;n tr&igrave; v&agrave; quyết t&acirc;m cao th&igrave; hương hổ ph&aacute;ch v&agrave; xạ hương sẽ l&agrave; lựa chọn ho&agrave;n h&atilde;o cho bạn v&igrave; 2 nguy&ecirc;n tố n&agrave;y sẽ gi&uacute;p bạn trở n&ecirc;n b&iacute; ẩn ơn.</p>\r\n\r\n<p>&ndash; Nếu bạn l&agrave; một ch&agrave;ng trai năng động, trẻ trung v&agrave; th&iacute;ch phi&ecirc;u lưu, c&aacute;c m&ugrave;i thuộc hương gỗ sẽ ph&ugrave; hợp với bạn v&igrave; ch&uacute;ng tạo cho bạn cảm gi&aacute;c bụi bặm v&agrave; mạnh mẽ hơn.</p>\r\n\r\n<p>&ndash; Thể thao l&agrave; một trong những thứ kh&ocirc;ng thể thiếu với c&aacute;nh m&agrave;y r&acirc;u, với những gia vị như hương bưởi, cam, chanh, qu&yacute;t h&ograve;a quyện với một &iacute;t ngọt ng&agrave;o của vanila, nhựa sống hay hương c&oacute; c&acirc;y v&agrave; sự nhấn nh&aacute; của hương đ&agrave;n hương sẽ khẳng định bạn l&agrave; một người tr&agrave;n đầy nhiệt huyết, tr&agrave;n đầy năng lượng v&agrave; một người y&ecirc;u nồng nhiệt.</p>\r\n\r\n<p>&ndash; Với những anh ch&agrave;ng đầy mục ti&ecirc;u v&agrave; tham vọng, lu&ocirc;n hướng đến tương lai th&igrave; c&aacute;c d&ograve;ng nước hoa thuộc d&ograve;ng fougere sẽ gi&uacute;p bạn truyền tải được những th&ocirc;ng điệp của c&aacute;nh m&agrave;y r&acirc;u v&agrave; hơi ấm nồng n&agrave;n của bạn.</p>\r\n\r\n<p>&nbsp;</p>\r\n\r\n<p><img alt=\"\" src=\"http://perfume168.com/Images/Media/2017/3/Bi%20quyet%20chon%20nuoc%20hoa%20cho%20nam%201.jpg\" /></p>\r\n\r\n<p><em>Bạn đ&atilde; tự tinh lựa chọn nước hoa ph&ugrave; hợp với m&igrave;nh chứ!.</em></p>\r\n\r\n<p>&nbsp;</p>\r\n\r\n<p><strong>Nước hoa phải ph&ugrave; hợp với cơ địa</strong></p>\r\n\r\n<p>Mỗi người sẽ c&oacute; một cơ địa kh&aacute;c nhau, hay t&iacute;nh muối kho&aacute;ng v&agrave; c&aacute;c nguy&ecirc;n tố vi lượng trong mồ h&ocirc;i của mỗi người sẽ quyết định độ bền hương tr&ecirc;n cở thể của mỗi người. N&ecirc;n việc bạn phải tốn cả ng&agrave;y qua c&aacute;c trung t&acirc;m thương mại hay c&aacute;c cửa h&agrave;ng nước hoa cho nam để đi t&igrave;m ra cho bằng được loại nước ph&ugrave; hợp với cơ thể m&igrave;nh th&igrave; kh&ocirc;ng hề uổng ph&iacute; ch&uacute;t n&agrave;o đ&acirc;u nh&eacute;.</p>\r\n\r\n<p>&nbsp;</p>\r\n\r\n<p><img alt=\"\" src=\"http://perfume168.com/Images/Media/2017/3/Bi%20quyet%20chon%20nuoc%20hoa%20cho%20nam%202.jpg\" style=\"height:404px; width:404px\" /><em>Ngửi c&aacute;c m&oacute;n đ&ograve; l&agrave;m từ chất liệu len sẽ gi&uacute;p&nbsp;</em><em>l&agrave;m sạch khoang mũi khi thử nước hoa qu&aacute; nhiều</em>&nbsp;</p>\r\n\r\n<p>&nbsp;</p>\r\n\r\n<p>Ngo&agrave;i ra c&aacute;nh m&agrave;y r&acirc;u khi lựa chọn nước hoa cho nam n&ecirc;n nhớ một nguy&ecirc;n tắc rằng kh&ocirc;ng n&ecirc;n thử qu&aacute; 3 loại nước hoa c&ugrave;ng một lần nh&eacute;, nếu thử qu&aacute; ba lần cũng một l&uacute;c hay khoảng thời gian thử c&aacute;ch nhau qu&aacute; gần th&igrave; bạn sẽ kh&ocirc;ng thể ph&acirc;n biệt được hương n&agrave;o với hương n&agrave;o nữa. N&ecirc;n tốt nhất bạn n&ecirc;n c&oacute; sẵn trong t&uacute;i x&aacute;ch của m&igrave;nh một m&oacute;n đồ được l&agrave;m từ len, c&oacute; thể l&agrave; một chiếc khăn cho&agrave;ng v&igrave; khi h&iacute;t v&agrave;o n&oacute; sẽ gi&uacute;p bạn l&agrave;m sạch khoang mũi, ngo&agrave;i ra bạn c&oacute; thể ngửi qua hạt c&agrave; ph&ecirc; để định vị lại khứu gi&aacute;c của m&igrave;nh.</p>\r\n\r\n<p>&nbsp;</p>\r\n\r\n<p><img alt=\"\" src=\"http://perfume168.com/Images/Media/2017/3/Bi%20quyet%20chon%20nuoc%20hoa%20cho%20nam%203.jpg\" style=\"height:322px; width:515px\" /></p>\r\n\r\n<p><em>C&agrave; ph&ecirc; gi&uacute;p bạn định vị lại khứu gi&aacute;c khi sử dụng&nbsp;</em><em>thử&nbsp;qu&aacute; nhiều loại nước hoa l&agrave; mất c&acirc;n bằng khứu gi&aacute;c</em></p>\r\n\r\n<p>L&uacute;c n&agrave;y m&ugrave;i hương ph&ugrave; hợp với bạn kh&ocirc;ng chỉ c&ograve;n l&agrave; m&ugrave;i hương sẽ l&agrave;m bạn ấn tượng ngay từ lần sử dụng thử đầu ti&ecirc;n m&agrave; l&agrave; m&ugrave;i hương sẽ lưu giữ tr&ecirc;n cơ thể bạn su&ocirc;t cả một ng&agrave;y d&agrave;i.</p>\r\n\r\n<p><strong>Perfume168</strong>&nbsp;<em>(Nguồn: elleman.vn)</em></p>\r\n', '2021-05-01', 1, 'Bí quyết chọn nước hoa cho nam', 'chon_nh_cho_nam.jpg', '<p>Chọn nước hoa nam ph&ugrave; hợp với c&aacute; t&iacute;nh c&aacute; nh&acirc;n l&agrave; một trong những điều quan trọng khi bạn sử dụng nước hoa.</p>\r\n');
INSERT INTO `baiviet` (`idBV`, `idSP`, `NoiDung`, `NgayCapNhat`, `AnHien`, `TieuDe`, `img`, `MoTa`) VALUES
(17, 1, '<p><strong>M&ugrave;i hương lu&ocirc;n l&agrave; thứ c&ocirc;ng cụ hữu hiệu để thu h&uacute;t sự ch&uacute; &yacute; của những người xung quanh. Nếu vẫn c&ograve;n ph&acirc;n v&acirc;n t&igrave;m kiếm một m&ugrave;i hương ph&ugrave; hợp, h&atilde;y để ch&uacute;ng t&ocirc;i gợi &yacute; cho bạn những m&ugrave;i hương được ưa chuộng hiện nay. Tr&ecirc;n thị trường c&oacute; rất nhiều h&atilde;ng nước hoa nổi tiếng, nhiều chủng loại, do đ&oacute; để t&igrave;m ra một hiệu nước hoa n&agrave;o ph&ugrave; hợp nhất với t&iacute;nh c&aacute;ch của bản th&acirc;n quả thật kh&ocirc;ng dễ. Những gợi &yacute; sau đ&acirc;y d&agrave;nh cho những c&ocirc; g&aacute;i n&agrave;o đang t&igrave;m đến thi&ecirc;n đường của hương thơm:</strong></p>\r\n\r\n<p>&nbsp;</p>\r\n\r\n<p><strong>1. Nước hoa&nbsp;<a href=\"http://perfume168.com/nuoc-hoa/12321carolina-herrera-good-girl-2544\">Carolina Herrera Good Girl</a></strong></p>\r\n\r\n<p>Vừa ra mắt v&agrave;o cuối th&aacute;ng 8/2016,&nbsp;<strong>C</strong><strong>arolina Herrera Good Girl</strong>&nbsp;đ&atilde; g&acirc;y sốt với c&aacute;c t&iacute;n đồ cuồng&nbsp;<a href=\"http://perfume168.com/\">nước hoa</a>. Điều khiến loại&nbsp;nước hoa n&agrave;y hot như vậy bởi n&oacute; c&oacute; h&igrave;nh d&aacute;ng si&ecirc;u độc lạ l&agrave; h&igrave;nh chiếc gi&agrave;y cao g&oacute;t đế nhọn cao 12 cm, th&acirc;n gi&agrave;y m&agrave;u đen sang trọng với logo h&atilde;ng được in nổi dưới đế gi&agrave;y, phần g&oacute;t c&oacute; m&agrave;u v&agrave;ng &aacute;nh kim tinh tế. Nếu chỉ nh&igrave;n th&igrave; rất &iacute;t người nghĩ đ&acirc;y l&agrave; một lọ nước hoa.</p>\r\n\r\n<p><img alt=\"\" src=\"http://perfume168.com/Images/Media/2017/1/1.jpg\" style=\"height:450px; width:450px\" /></p>\r\n\r\n<p>Nước hoa&nbsp;<strong><a href=\"http://perfume168.com/nuoc-hoa/12321carolina-herrera-good-girl-2544\">Carolina Herrera Good Girl</a></strong>&nbsp;hứa hẹn l&agrave; một sự kết hợp đầy s&aacute;ng tạo, c&oacute; thể g&acirc;y nghiện cho người d&ugrave;ng, bằng c&aacute;c th&agrave;nh phần hoa huệ, đậu Tonka vừa tinh khiết, vừa nồng n&agrave;n, như t&iacute;nh c&aacute;ch đa chiều của người phụ nữ. Hoa nh&agrave;i Sambac trắng v&agrave; cacao cũng l&agrave; những nh&acirc;n tố mang đến vị ngọt đậm đ&agrave; quyến rũ cho&nbsp;<strong>Good Girl</strong>.</p>\r\n\r\n<p>&nbsp;</p>\r\n\r\n<p><strong>2. Nước hoa</strong><strong>&nbsp;</strong><strong><a href=\"http://perfume168.com/nuoc-hoa/12321gucci-flora-by-gucci-edt-women-tester-1046\">Flora by Gucci</a>&nbsp;</strong></p>\r\n\r\n<p><a href=\"http://perfume168.com/\">Nước hoa</a>&nbsp;<a href=\"http://perfume168.com/nuoc-hoa/12321gucci-flora-by-gucci-edp-women-1044\">Flora</a>&nbsp;l&agrave; d&ograve;ng nước hoa ra đời v&agrave;o năm 2010 của thương hiệu thời trang cao cấp&nbsp;<a href=\"http://perfume168.com/nuoc-hoa-gucci-149-83-0-/2/1\">Gucci</a>&nbsp;nổi tiếng tr&ecirc;n to&agrave;n thế giới với lịch sử h&agrave;ng trăm năm về lĩnh vực thời trang v&agrave; mỹ phẩm, đặc biệt l&agrave; cho ph&aacute;i đẹp.</p>\r\n\r\n<p><img alt=\"\" src=\"http://perfume168.com/Images/Media/2017/1/flora_by_gucci_eau_de_toilette.jpg\" style=\"height:467px; width:467px\" /></p>\r\n\r\n<p>Flora&nbsp;hướng tới một h&igrave;nh ảnh của những thiếu nữ trẻ trung, thuần khiết v&agrave; tr&agrave;n đầy sức sống, như một đ&oacute;a hoa mới nở v&agrave;o ban sớm. Một vẻ đẹp tươi thắm rực rỡ của tuổi thanh xu&acirc;n. M&ugrave;i hương đặc trưng của<strong>&nbsp;<a href=\"http://perfume168.com/nuoc-hoa/12321gucci-flora-by-gucci-edp-women-1044http:/perfume168.com/nuoc-hoa/12321gucci-flora-by-gucci-edt-women-tester-1046\">Flora By&nbsp;Gucci</a></strong>&nbsp;nổi bật với hương cam qu&yacute;t v&agrave; hoa mẫu đơn, sau đ&oacute; quyến rũ với m&ugrave;i hoa hồng v&agrave; hoa mộc t&ecirc;, v&agrave; cuối c&ugrave;ng kết th&uacute;c bằng hương thơm đầm ấm của c&aacute;c loại gỗ đ&agrave;n hương, hoắc hương v&agrave; gỗ c&acirc;y tuyết t&ugrave;ng. Đắm m&igrave;nh trong một c&agrave;nh đồng hoa thơm ng&aacute;t, đ&oacute; l&agrave; những g&igrave;&nbsp;<strong>Flora By&nbsp;Gucci</strong>&nbsp;mang lại.</p>\r\n\r\n<p>&nbsp;</p>\r\n\r\n<p><strong>3. Nước hoa&nbsp;<a href=\"http://perfume168.com/nuoc-hoa/12321marc-jacobs-daisy-eau-de-parfum-women-tester-2099\">Marc Jacobs Daisy Eau De Parfum</a></strong></p>\r\n\r\n<p>Phi&ecirc;n bản nước hoa&nbsp;<strong>Marc Jacobs Daisy Eau De Parfum</strong>&nbsp;l&agrave;&nbsp;sản phẩm nước hoa&nbsp;cao cấp d&agrave;nh cho ph&aacute;i nữ của&nbsp;thương hiệu&nbsp;<strong><a href=\"http://perfume168.com/nuoc-hoa-marc-jacobs-177-83-0-/2/1\">Marc Jacobs</a></strong>&nbsp;v&agrave;&nbsp;đ&atilde; được ra đời&nbsp;v&agrave;o năm 2008 bởi b&agrave;n tay điều chế t&agrave;i ba của&nbsp;Alberto Morillas. C&aacute;c nốt hương trong phi&ecirc;n bản Daisy gốc vẫn được giữ nguy&ecirc;n, nhưng c&oacute; phần đậm đặc hơn.</p>\r\n\r\n<p><img alt=\"\" src=\"http://perfume168.com/Images/Media/2017/1/11079187-6304379555325792.jpg\" style=\"height:478px; width:478px\" /></p>\r\n\r\n<p>Ngay từ khi mở nắp chai&nbsp;nước hoa&nbsp;<a href=\"http://perfume168.com/nuoc-hoa/12321marc-jacobs-daisy-eau-de-parfum-women-tester-2099\"><strong>Marc Jacobs Daisy Eau De Parfum</strong></a>, ta c&oacute; thể cảm nhận được n&eacute;t tươi m&aacute;t, nữ t&iacute;nh k&egrave;m theo một ch&uacute;t thơ ng&acirc;y, vui tươi từ lớp hương đầu được chiết xuất từ d&acirc;u rừng, l&aacute; violet v&agrave; bưởi huyết. Ngay sau đ&oacute;, tại lớp hương giữa, hương hoa cổ điển từ violet, nhẹ nh&agrave;ng từ hoa nh&agrave;i v&agrave; hoa d&agrave;nh d&agrave;nh được t&ocirc;n l&ecirc;n l&agrave;m chủ đạo. V&agrave; đọng lại ở lớp hương cuối, xạ hương c&ugrave;ng với hương vani v&agrave; gỗ đ&atilde; t&ocirc;n l&ecirc;n sự tinh tế xem lẫn một ch&uacute;t sự ph&aacute; c&aacute;ch hiện đại c&ugrave;ng hương cổ điển của&nbsp;nước hoa nữ&nbsp;<strong>Marc Jacobs Daisy Eau De Parfum</strong>.&nbsp;</p>\r\n\r\n<p>D&ograve;ng&nbsp;nước hoa&nbsp;n&agrave;y tuy mang đậm bản sắc của d&ograve;ng Daisy&nbsp;phi&ecirc;n bản gốc nhưng ch&uacute;ng đ&atilde; được pha một ch&uacute;t trưởng th&agrave;nh, ch&iacute;nh chắn hơn trong m&ugrave;i hương. Đ&acirc;y sẽ d&ograve;ng sản phẩm tuyệt vời nằm trong những&nbsp;sự lựa chọn h&agrave;ng đầu&nbsp;của c&aacute;c bạn nữ ưa chuộng sự trẻ trung pha lẫn một ch&uacute;t trưởng th&agrave;nh. Ch&uacute;ng sẽ l&agrave;m bạn tr&ocirc;ng như một người phụ nữ chớm bước qua tuổi trưởng th&agrave;nh.&nbsp;</p>\r\n\r\n<p>&nbsp;</p>\r\n\r\n<p><strong>4. Nh&atilde;n hiệu</strong><strong>&nbsp;</strong><a href=\"http://perfume168.com/nuoc-hoa-chanel-120-83-0-/2/1\"><strong>nước hoa Chanel</strong></a></p>\r\n\r\n<p>&nbsp;</p>\r\n\r\n<p><img alt=\"\" src=\"http://perfume168.com/Images/Media/2017/1/3.jpg\" style=\"height:341px; width:570px\" /></p>\r\n\r\n<p>&nbsp;</p>\r\n\r\n<p>L&agrave; một trong những c&aacute;i t&ecirc;n thuộc h&agrave;ng &quot;chiếu tr&ecirc;n&quot; của thế giới&nbsp;nước hoa,&nbsp;Chanel&nbsp;vẫn giữ vững phong độ v&agrave; sức h&uacute;t của m&igrave;nh. Từ d&ograve;ng nước hoa đầu ti&ecirc;n th&agrave;nh c&ocirc;ng vang dội mang t&ecirc;n&nbsp;<strong><a href=\"http://perfume168.com/nuoc-hoa/12321chanel-no-5-eau-de-parfum-women-1131\">Chanel No.5</a></strong>, cho đến nay c&aacute;c sản phẩm nước hoa của&nbsp;<a href=\"http://perfume168.com/nuoc-hoa-chanel-120-83-0-/2/1\">Chanel</a>&nbsp;vẫn được c&ocirc;ng ch&uacute;ng hết sức y&ecirc;u mến. Nước hoa của Chanel từ khi ra đời đ&atilde; mang một n&eacute;t ph&aacute; c&aacute;ch kh&aacute;c biệt so với những loại nước hoa c&ugrave;ng thời từ vỏ chai cho đến sự s&aacute;ng tạo trong m&ugrave;i hương. Thời gian qua đi, sức h&uacute;t của thương hiệu n&agrave;y kh&ocirc;ng hề c&oacute; dấu hiệu suy giảm,&nbsp;<a href=\"http://perfume168.com/nuoc-hoa-chanel-120-83-0-/2/1\">Chanel</a>&nbsp;vẫn giữ vị tr&iacute; độc t&ocirc;n của m&igrave;nh trước rất nhiều t&ecirc;n tuổi nước hoa kh&aacute;c.</p>\r\n\r\n<p>&nbsp;</p>\r\n\r\n<p><strong>5. D&ograve;ng&nbsp;<a href=\"http://perfume168.com/nuoc-hoa-lancome-172-83-0-/2/1\">nước hoa Lancome</a>&nbsp;Ph&aacute;p</strong></p>\r\n\r\n<p>Với những người ưa chuộng mỹ phẩm Ph&aacute;p th&igrave; nh&atilde;n hiệu Lancome đ&atilde; qu&aacute; quen thuộc với h&agrave;ng trăm loại mỹ phẩm kh&aacute;c nhau như sữa rửa mặt Lancome, kem dưỡng da, trang điểm Lancome&hellip;v&agrave; kh&ocirc;ng thể kh&ocirc;ng nhắc đến m&ugrave;i hương sang trọng, quyến rũ của nước hoa Ph&aacute;p Lancome.</p>\r\n\r\n<p>Nước hoa&nbsp;<a href=\"http://perfume168.com/nuoc-hoa-lancome-172-83-0-/2/1\">Lancome</a>&nbsp;trở th&agrave;nh một biểu tượng của phụ nữ ch&acirc;u &Acirc;u v&agrave; cả thế giới về sự sang trọng, ki&ecirc;u sa v&agrave; khi&ecirc;u kh&iacute;ch từ m&ugrave;i hương.</p>\r\n\r\n<p><img alt=\"\" src=\"http://perfume168.com/Images/Media/2017/1/Lancome%20Miracle%20Blossom%20Women.jpg\" style=\"height:590px; width:455px\" /></p>\r\n\r\n<p>&nbsp;</p>\r\n\r\n<p>V&agrave;o th&aacute;ng Ch&iacute;n năm 2016&nbsp;Lancome đ&atilde; tung ra một loại nước hoa mới nằm trong bộ sưu tập&nbsp;nước hoa Miracle, mang t&ecirc;n&nbsp;nước hoa&nbsp;<a href=\"http://perfume168.com/nuoc-hoa/12321lancome-miracle-blossom-women-2591\"><strong>Miracle Blossom</strong></a>&nbsp;tiếp nối th&agrave;nh c&ocirc;ng bản gốc hoa tươi từ năm 2000 đ&atilde; trở th&agrave;nh một trong những loại&nbsp;nước hoa Ph&aacute;p&nbsp;mang t&iacute;nh biểu tượng của Lancome.</p>\r\n\r\n<p>Nhẹ nh&agrave;ng thanh lịch, một hương thơm đặc biệt với mở đầu tr&aacute;i c&acirc;y tươi của vải thiều, qu&yacute;t, t&aacute;o Granny Smith. Tiếp đến hoa hồng v&agrave; nụ hồng ở trung t&acirc;m m&ugrave;i hương, cuối c&ugrave;ng ấm &aacute;p của gỗ đ&agrave;n hương v&agrave; xạ hương l&agrave;m n&ecirc;n n&eacute;t quyễn rũ ri&ecirc;ng của người phụ nữ Lancome!.</p>\r\n\r\n<p><strong>Perfume168 tổng hợp.</strong></p>\r\n', '2021-05-01', 1, '05 THƯƠNG HIỆU NƯỚC HOA NỮ ĐƯỢC YÊU THÍCH NĂM 2017', '5thuonghieu_hoa_nu.jpg', '<p>M&ugrave;i hương lu&ocirc;n l&agrave; thứ c&ocirc;ng cụ hữu hiệu để thu h&uacute;t sự ch&uacute; &yacute; của những người xung quanh. Nếu vẫn c&ograve;n ph&acirc;n v&acirc;n t&igrave;m kiếm một m&ugrave;i hương ph&ugrave; hợp, h&atilde;y để ch&uacute;ng t&ocirc;i gợi &yacute; cho bạn những m&ugrave;i hương được ưa chuộng hiện nay.</p>\r\n'),
(18, 1, '<p><strong>Bạn sắp c&oacute; một cuộc hẹn quan trọng? Bạn muốn thu h&uacute;t sự ch&uacute; &yacute; của c&ocirc; n&agrave;ng m&agrave; m&igrave;nh đang để mắt tới? Vậy th&igrave; c&ograve;n chần chờ g&igrave; m&agrave; kh&ocirc;ng đầu tư vẻ ngo&agrave;i nam t&iacute;nh c&ugrave;ng m&ugrave;i hương gợi cảm kh&oacute; phai.</strong></p>\r\n\r\n<p>Thực tế, c&oacute; rất nhiều chị em bị m&ecirc; hoặc bởi hương thơm đặc trưng của ph&aacute;i mạnh. Những loại nước hoa nam c&oacute; m&ugrave;i hương đậm, ấm rất l&ocirc;i cuốn, thậm ch&iacute; n&oacute; c&ograve;n l&agrave; thứ &quot;ma thuật&quot; tạo n&ecirc;n bầu kh&ocirc;ng kh&iacute; l&atilde;ng mạn.</p>\r\n\r\n<p>Nếu bạn đang ph&acirc;n v&acirc;n kh&ocirc;ng biết n&ecirc;n chọn m&ugrave;i hương n&agrave;o vừa ph&ugrave; hợp với bản th&acirc;n, vừa g&acirc;y ấn tượng với n&agrave;ng, h&atilde;y tham khảo 07 chai nước hoa nam được đ&aacute;nh gi&aacute; cao m&agrave;&nbsp;<a href=\"http://perfume168.com/\"><strong>Perfume168</strong></a>&nbsp;giới thiệu dưới đ&acirc;y:</p>\r\n\r\n<h3><strong>1.&nbsp;</strong><a href=\"http://perfume168.com/nuoc-hoa/12321yves-saint-laurent-la-nuit-l-homme-tester-2053\"><strong>Yves Saint Laurent&nbsp;La Nuit De L&rsquo;Homme</strong></a></h3>\r\n\r\n<p><img alt=\"\" src=\"http://perfume168.com/Images/Media/2017/2/La%20Nuit%20De%20L%E2%80%99Homme.jpg\" style=\"height:514px; width:514px\" /></p>\r\n\r\n<p><strong>La Nuit De L&rsquo;Homme</strong>&nbsp;l&agrave; sự c&acirc;n bằng ho&agrave;n hảo giữa n&eacute;t thanh tao của hoa oải hương v&agrave; vị cam bergamot ngọt ng&agrave;o, c&ugrave;ng với đ&oacute; l&agrave; dấu ấn nam t&iacute;nh mạnh mẽ của hổ ph&aacute;ch, xạ hương. Đ&acirc;y l&agrave; d&ograve;ng Eau De Toilette n&ecirc;n độ lan tỏa ở mức vừa đủ, kh&ocirc;ng qu&aacute; mạnh mẽ g&acirc;y gắt kh&oacute; chịu. Vậy n&ecirc;n bạn c&oacute; thể sử dụng hằng ng&agrave;y để tạo n&ecirc;n m&ugrave;i hương đặc trưng của ri&ecirc;ng m&igrave;nh.</p>\r\n\r\n<h3><strong>2.&nbsp;<a href=\"http://perfume168.com/nuoc-hoa/12321paco-rabanne-1-million-men-1776\">Paco Rabanne 1 Million Men</a></strong></h3>\r\n\r\n<p><img alt=\"\" src=\"http://perfume168.com/Images/Media/2017/2/Paco%20Rabanne%201%20Million%20Men.jpg\" style=\"height:481px; width:481px\" /></p>\r\n\r\n<p>Đ&acirc;y ch&iacute;nh x&aacute;c l&agrave; hương thơm &quot;quyền năng&quot; m&agrave; bất cứ qu&yacute; &ocirc;ng n&agrave;o cũng mong muốn được sở hữu. H&atilde;y diện một bộ suit lịch l&atilde;m v&agrave; xịt l&ecirc;n v&agrave;i điểm quan trọng như sau tai, b&ecirc;n trong khuỷu tay, &hellip; chắc chắn sự cuốn h&uacute;t da thịt của xạ hương sẽ khi&ecirc;u kh&iacute;ch mọi c&ocirc; n&agrave;ng v&ocirc; t&igrave;nh lướt qua. Dịp th&iacute;ch hợp để d&ugrave;ng &ldquo;thỏi nước hoa v&agrave;ng &oacute;ng&rdquo; n&agrave;y n&ecirc;n l&agrave; những bữa tiệc tối, hoặc trong m&ugrave;a Thu - Đ&ocirc;ng.</p>\r\n\r\n<h3><strong>3.&nbsp;<a href=\"http://perfume168.com/nuoc-hoa/12321jean-paul-gaultier-le-male-men-tester-2067\">Jean Paul Gaultier Le Male Men</a></strong></h3>\r\n\r\n<p>&nbsp;</p>\r\n\r\n<p><img alt=\"\" src=\"http://perfume168.com/Images/Media/2017/2/Jean%20Paul%20Gaultier%20Le%20Male%20Men.jpg\" style=\"height:508px; width:722px\" /></p>\r\n\r\n<p><strong>&nbsp;</strong></p>\r\n\r\n<p>Đ&atilde; hơn hai thập ni&ecirc;n kể từ khi ra mắt,&nbsp;<strong>Le Male</strong>&nbsp;vẫn &ldquo;giữ vững phong độ&rdquo; bởi sự tin tưởng của c&aacute;nh m&agrave;y r&acirc;u. Tại Ph&aacute;p, kinh đ&ocirc; thời trang v&agrave; sắc đẹp, nơi mỗi năm xuất hiện v&ocirc; v&agrave;n loại nước hoa cạnh tranh khốc liệt lẫn nhau th&igrave;&nbsp;<strong>Le Male</strong>&nbsp;vẫn c&oacute; vị thế nhất định, lu&ocirc;n nằm trong danh s&aacute;ch &quot;Best Seller&quot; tr&ecirc;n đất nước h&igrave;nh lục lăng n&agrave;y. Độ b&aacute;m tỏa mạnh của&nbsp;<strong>Le Male</strong>&nbsp;vừa l&agrave; ưu điểm vừa l&agrave; nhược điểm, h&atilde;y c&acirc;n nhắc khi sử dụng v&agrave;o ban ng&agrave;y v&agrave; n&ecirc;n tiết chế số lần xịt.</p>\r\n\r\n<h3><strong>4.&nbsp;<a href=\"http://perfume168.com/nuoc-hoa/12321issey-miyake-pour-homme-men-2214\">Issey Miyake&nbsp;L&rsquo;eau D&rsquo;Issey Pour Homme</a></strong></h3>\r\n\r\n<p><img alt=\"\" src=\"http://perfume168.com/Images/Media/2017/2/Issey%20Miyake%20L%E2%80%99eau%20D%E2%80%99Issey%20Pour%20Homme.jpg\" style=\"height:541px; width:541px\" /></p>\r\n\r\n<p>Lấy cảm hứng từ m&ugrave;i hương tươi m&aacute;t của hoa cỏ h&ograve;a huyện c&ugrave;ng gia vị phương Đ&ocirc;ng cay nồng, kết th&uacute;c bằng lớp hương nồng n&agrave;n của thuốc l&aacute;, gỗ đ&agrave;n hương; đ&acirc;y l&agrave; sự kết hợp kh&aacute; bất ngờ m&agrave; &iacute;t c&oacute; loại nước hoa n&agrave;o sở hữu.&nbsp;<strong>L&rsquo;eau D&rsquo;Issey Pour Homme</strong>&nbsp;hướng đến những anh ch&agrave;ng theo đuổi sự lịch thiệp v&agrave; nh&atilde; nhặn. Đ&acirc;y hẳn l&agrave; phong c&aacute;ch đ&agrave;n &ocirc;ng m&agrave; bất cứ c&ocirc; n&agrave;ng n&agrave;o cũng dễ d&agrave;ng ng&acirc;y ngất.</p>\r\n\r\n<h3><strong>5.&nbsp;<a href=\"http://perfume168.com/nuoc-hoa/12321giorgio-armani-code-men-1807\">Giorgio Armani Code Men</a></strong></h3>\r\n\r\n<p>&nbsp;</p>\r\n\r\n<p><img alt=\"\" src=\"http://perfume168.com/Images/Media/2017/2/Giorgio%20Armani%20Armani%20Code.jpg\" style=\"height:487px; width:487px\" /></p>\r\n\r\n<p>&nbsp;</p>\r\n\r\n<p>Theo như h&atilde;ng đ&atilde; tuy&ecirc;n bố,&nbsp;<strong>Armani Code Men</strong>&nbsp;l&agrave; chai nước hoa nam m&atilde;i trường tồn với thời gian. V&agrave; sự ủng hộ nhiệt t&igrave;nh của những g&atilde; đ&agrave;n &ocirc;ng theo phong c&aacute;ch cổ điển, ch&iacute;nh l&agrave; minh chứng x&aacute;c thực hữu hiệu.&nbsp;<strong>Armani Code</strong>&nbsp;<strong>Men</strong>&nbsp;như một ly cocktail được pha trộn bởi cam bergamot c&ugrave;ng c&acirc;y &ocirc; liu v&agrave; hương da thuộc ấm &aacute;p. Một sự pha trộn hương thơm gợi cảm d&agrave;nh cho người đ&agrave;n &ocirc;ng truyền thống bắt kịp xu hướng thời nay.</p>\r\n\r\n<h3><strong>6.&nbsp;<a href=\"http://perfume168.com/nuoc-hoa/12321chanel-bleu-de-chanel-eau-de-toilette-men-1099\">Chanel Bleu De Chanel</a></strong></h3>\r\n\r\n<p>&nbsp;</p>\r\n\r\n<p><img alt=\"\" src=\"http://perfume168.com/Images/Media/2017/2/Chanel%20Bleu%20De%20Chanel.jpg\" style=\"height:427px; width:662px\" /></p>\r\n\r\n<p>&nbsp;</p>\r\n\r\n<p>Kh&ocirc;ng qu&aacute; kh&oacute; hiểu khi&nbsp;<strong><a href=\"http://perfume168.com/07-chai-nuoc-hoa-nam-kinh-dien-khien-cac-nang--dien-dao--12433186#64962424\">Chanel<img src=\"http://cdncache-a.akamaihd.net/items/it/img/arrow-10x10.png\" /></a></strong>&nbsp;mời nam t&agrave;i tử Gaspard Ulliel trở th&agrave;nh người đại diện của d&ograve;ng nước hoa n&agrave;y. H&igrave;nh ảnh người đ&agrave;n &ocirc;ng lịch l&atilde;m, h&agrave;o hoa, c&oacute; &aacute;nh mắt h&uacute;t hồn đ&atilde; khiến bao n&agrave;ng say đắm. Gợi l&ecirc;n vẻ mạnh mẽ đậm chất nam t&iacute;nh,&nbsp;<strong>Bleu de<a href=\"http://perfume168.com/07-chai-nuoc-hoa-nam-kinh-dien-khien-cac-nang--dien-dao--12433186#26260521\">Chanel<img src=\"http://cdncache-a.akamaihd.net/items/it/img/arrow-10x10.png\" /></a></strong>&nbsp;l&agrave; sự kết hợp ho&agrave;n hảo từ những hương vị đầy m&agrave;u sắc v&agrave; sự chuyển đổi nhuần nhuyễn giữa c&aacute;c lớp hương quyến rũ.</p>\r\n\r\n<h3><strong>7.&nbsp;<a href=\"http://perfume168.com/nuoc-hoa/12321hermes-terre-d-hermes-men-1205\">Herm&egrave;s Terre d&rsquo;Herm&egrave;s&nbsp;</a></strong></h3>\r\n\r\n<p><img alt=\"\" src=\"http://perfume168.com/Images/Media/2017/2/Herm%C3%A8s%20Terre%20d%E2%80%99Herm%C3%A8s.jpg\" style=\"height:468px; width:500px\" /></p>\r\n\r\n<p>N&oacute;i đến&nbsp;<strong>Terre&nbsp;d&rsquo;Herm&egrave;s</strong>&nbsp;l&agrave; n&oacute;i đến sự giao h&ograve;a tinh tế, vững ch&atilde;i giữa con người v&agrave; thi&ecirc;n nhi&ecirc;n. Tựa như h&igrave;nh ảnh của một người đ&agrave;n &ocirc;ng bản lĩnh &quot;đầu đội trời, ch&acirc;n đạp đất&quot;,&nbsp;<strong>Terre d&rsquo;Hermes</strong>&nbsp;mang đậm n&eacute;t phong trần, dồi d&agrave;o sức sống. Hơi ấm của đất, đ&aacute; v&agrave; cả gỗ, thoảng m&ugrave;i cỏ c&acirc;y xanh tươi. V&agrave;i giờ sau đ&oacute;, những g&igrave; c&ograve;n s&oacute;t lại l&agrave; hương kh&oacute;i đục tựa như m&ugrave;i thuốc s&uacute;ng, kh&aacute; độc đ&aacute;o v&agrave; hoang d&atilde;.</p>\r\n\r\n<p><strong>Perfume168</strong>&nbsp;(Nguồn: Tạp ch&iacute; ph&aacute;i đẹp ELLE)</p>\r\n', '2021-05-01', 1, '07 chai nước hoa nam kinh điển khiến các nàng \"điên đảo\"', '7chai_hnam.jpg', '<p>B&aacute;n sắp c&oacute; một cuộc hẹn quan trọng? Bạn muốn thu h&uacute;t sự ch&uacute; &yacute; của c&ocirc; n&agrave;ng m&agrave; m&igrave;nh đang để mắt tới? Vậy th&igrave; c&ograve;n chần chờ g&igrave; m&agrave; kh&ocirc;ng đầu tư vẻ ngo&agrave;i nam t&iacute;nh c&ugrave;ng m&ugrave;i hương gợi cảm kh&oacute; phai.</p>\r\n'),
(19, 1, '<p>H&atilde;y đến với chuy&ecirc;n mục&nbsp;<strong>l&agrave;m đẹp</strong>&nbsp;của Eva.vn để t&igrave;m hiểu những b&iacute; quyết&nbsp;chăm s&oacute;c da,&nbsp;l&agrave;m đẹp da,&nbsp;l&agrave;m đẹp t&oacute;c,c&aacute;c kiểu t&oacute;c&nbsp;hợp&nbsp;<strong>thời trang</strong>, hay b&iacute; quyết&nbsp;trang điểm&hellip; hiệu quả nhất cho mọi&nbsp;phụ nữ.</p>\r\n\r\n<p>&nbsp;</p>\r\n\r\n<p>Với một số b&iacute; quyết đơn giản sau đ&acirc;y, bạn c&oacute; thể giữ cho m&ugrave;i&nbsp;<strong>nước hoa</strong>&nbsp;lưu lại tr&ecirc;n l&agrave;n da của m&igrave;nh l&acirc;u hơn.<br />\r\n<br />\r\n<strong>Xịt nước hoa l&ecirc;n l&agrave;n da ẩm ướt</strong><br />\r\n<br />\r\nC&aacute;c nh&agrave; nghi&ecirc;n cứu đ&atilde; cho thấy, hương thơm của nước hoa sẽ k&eacute;o d&agrave;i hơn khi được xịt l&ecirc;n l&agrave;n da dầu hay l&agrave;n da được l&agrave;m ẩm ướt, trong khi đ&oacute; n&oacute; sẽ bốc hơi nhanh ch&oacute;ng đối với l&agrave;n da kh&ocirc;. Tương tự như khi trang điểm, nước hoa cũng rất cần một l&agrave;n da ẩm ướt để hương thơm của n&oacute; c&oacute; thể k&eacute;o d&agrave;i suốt nhiều giờ. Như vậy, nếu bạn muốn m&ugrave;i nước hoa lưu lại tr&ecirc;n da của m&igrave;nh l&acirc;u hơn th&igrave; trước hết h&atilde;y tắm bằng những loại dầu gội hay dầu dưỡng ẩm m&agrave; m&igrave;nh y&ecirc;u th&iacute;ch.&nbsp;</p>\r\n\r\n<p><img alt=\"Mẹo giúp lưu giữ hương thơm của nước hoa, Làm đẹp, nuoc hoa, xit nuoc hoa dung cach, xit nuoc hoa, bao phu nu, lam dep, thoi trang\" src=\"http://www.eva.vn/upload/4-2011/images/2011-12-03/1322882642-dd.jpg\" /><br />\r\nN&ecirc;n xịt nước hoa sau khi tắm để tăng khả năng giữ m&ugrave;i.</p>\r\n\r\n<p>Sau khi lau kh&ocirc; cơ thể, bạn n&ecirc;n thoa một lớp kem dưỡng ẩm l&ecirc;n khắp cơ thể rồi mới xịt nước hoa. Tốt nhất l&agrave; bạn n&ecirc;n chọn nước hoa v&agrave; c&aacute;c sản phẩm dầu gội hay kem dưỡng ẩm c&oacute; c&ugrave;ng m&ugrave;i hương. Bạn sẽ dễ d&agrave;ng t&igrave;m thấy sự tương th&iacute;ch giữa c&aacute;c sản phẩm n&agrave;y trong c&ugrave;ng một thương hiệu sản xuất được b&aacute;n tr&ecirc;n thị trường hiện nay.<br />\r\n<br />\r\n<strong>Xịt nước hoa l&ecirc;n những v&ugrave;ng mạch đập</strong><br />\r\n<br />\r\nKhi&nbsp;<em>xịt nước hoa</em>, bạn nhớ xịt l&ecirc;n những nơi ấm &aacute;p của cơ thể v&agrave; phải đảm bảo xịt đ&uacute;ng ở những vị tr&iacute; quan trọng. Hương thơm sẽ k&eacute;p d&agrave;i hơn nhiều khi nước hoa được xịt l&ecirc;n c&aacute;c mạch đập ở cổ tay, sau g&aacute;y tai, v&ugrave;ng da cuống họng, th&aacute;i dương, b&ecirc;n trong khuỷu tay, giữa ngực hay sau đầu gối. V&igrave; l&agrave;n da ở những vị tr&iacute; n&agrave;y rất mỏng v&agrave; mạch m&aacute;u nằm gần hơn, do đ&oacute; l&agrave;n da của bạn sẽ ph&aacute;t ra độ n&oacute;ng cần thiết đủ để l&agrave;m c&acirc;n bằng v&agrave; lan tỏa m&ugrave;i nước hoa l&ecirc;n khắp cơ thể của bạn.<br />\r\n<br />\r\n<strong>Nước hoa lan tỏa theo hướng đi l&ecirc;n</strong><br />\r\n<br />\r\nBạn kh&ocirc;ng n&ecirc;n bỏ qua những mạch đập quan trọng ở sau đầu gối v&agrave; mắt c&aacute; ch&acirc;n khi xịt nước hoa v&igrave; hương thơm của nước hoa lan tỏa theo hướng từ dưới l&ecirc;n. Do vậy c&aacute;ch l&agrave;m n&agrave;y sẽ gi&uacute;p cho hương thơm của nước hoa lưu lại tr&ecirc;n l&agrave;n da của bạn l&acirc;u hơn rất nhiều.<br />\r\n<br />\r\n<strong>Kh&ocirc;ng ch&agrave; x&aacute;t cổ tay sau khi xịt nước hoa</strong><br />\r\n<br />\r\nCh&agrave; x&aacute;t cổ tay sau khi xịt nước hoa l&ecirc;n v&ugrave;ng n&agrave;y l&agrave; một th&oacute;i quen xấu m&agrave; bạn cần tr&aacute;nh. C&aacute;ch n&agrave;y chỉ l&agrave;m tan vỡ c&aacute;c ph&acirc;n tử b&ecirc;n trong nước hoa v&agrave; l&agrave;m tan biến hương thơm của n&oacute; một c&aacute;ch nhanh ch&oacute;ng m&agrave; th&ocirc;i. V&igrave; thế, c&aacute;ch&nbsp;xịt nước hoa đ&uacute;ng c&aacute;ch&nbsp;l&agrave; h&atilde;y để n&oacute; kh&ocirc; một c&aacute;ch tự nhi&ecirc;n.<br />\r\n<br />\r\n<strong>Xịt nước hoa ở khoảng c&aacute;ch từ 15 cm &ndash; 20 cm</strong></p>\r\n\r\n<p>Một điều đ&aacute;ng lưu &yacute; nữa l&agrave; bạn n&ecirc;n xịt nước hoa l&ecirc;n cơ thể trước khi mặc quần &aacute;o để tr&aacute;nh l&agrave;m dơ bẩn quần &aacute;o của m&igrave;nh. Hơn nữa, bạn cũng n&ecirc;n xịt nước hoa ở cự ly c&aacute;ch cơ thể khoảng 15 cm &ndash; 20 cm.<br />\r\n<br />\r\n<strong>Thoa kem vaseline hay dầu &ocirc;liu l&ecirc;n v&ugrave;ng mạch đập</strong><br />\r\n<br />\r\nBạn n&ecirc;n thoa kem vaseline hay dầu &ocirc;liu l&ecirc;n những v&ugrave;ng mạch đập m&agrave; bạn định xịt nước hoa. Đ&acirc;y l&agrave; một trong những c&aacute;ch l&agrave;m hiệu quả nhất để gi&uacute;p m&ugrave;i nước hoa lưu lại tr&ecirc;n l&agrave;n da của bạn l&acirc;u hơn.</p>\r\n\r\n<p><strong><img alt=\"Mẹo giúp lưu giữ hương thơm của nước hoa, Làm đẹp, nuoc hoa, xit nuoc hoa dung cach, xit nuoc hoa, bao phu nu, lam dep, thoi trang\" src=\"http://www.eva.vn/upload/4-2011/images/2011-12-03/1322882642-1282634547-tu-lam-nuoc-hoa3.jpg\" /></strong><br />\r\nNước hoa gi&uacute;p bạn khẳng định c&aacute; t&iacute;nh.</p>\r\n\r\n<p><strong>Bảo quản nước hoa đ&uacute;ng c&aacute;ch&nbsp;</strong><br />\r\n<br />\r\nCất giữ nước hoa một c&aacute;ch hợp l&yacute; l&agrave; việc rất quan trọng để g&oacute;p phần lưu giữ hương thơm l&acirc;u hơn cho nước hoa của bạn. Nếu nước hoa được đặt ở những nơi c&oacute; nhiệt độ cao hay tiếp x&uacute;c trực tiếp với &aacute;nh s&aacute;ng mặt trời sẽ dễ bị hư hỏng v&agrave; l&agrave;m cho m&ugrave;i hương bị biến đổi. Tốt nhất bạn n&ecirc;n cất giữ&nbsp; nước hoa trong hộp, ngăn k&eacute;o hay những nơi tho&aacute;ng m&aacute;t.&nbsp;</p>\r\n', '2021-05-01', 1, 'Mẹo giúp lưu giữ hương thơm của nước hoa', 'meo_giu_thom.jpg', '<p>(Eva.vn)- Khi chọn được mẫu nước hoa y&ecirc;u th&iacute;ch, bạn n&ecirc;n ch&uacute; &yacute; đến c&aacute;ch sử dụng va bảo quản nước hoa hợp l&yacute; để hương thơm lưu lại tr&ecirc;n l&agrave;n da của bạn l&acirc;u hơn.</p>\r\n'),
(20, 1, '<p><strong>1. Woody - Sang trọng, Lịch l&atilde;m</strong></p>\r\n\r\n<p>Hương gỗ l&agrave; loại nước hoa c&oacute; m&ugrave;i hương của vỏ c&acirc;y, r&ecirc;u v&agrave; c&aacute;c m&ugrave;i kh&aacute;c bạn c&oacute; thể thấy ở rừng. Những loại nước hoa nh&oacute;m n&agrave;y thường c&oacute; m&ugrave;i tự nhi&ecirc;n rất ri&ecirc;ng như gỗ đ&agrave;n hương, xạ hương, da thuộc, cỏ vetiver, r&ecirc;u sồi, hồng sắc tuyết t&ugrave;ng, hồ ti&ecirc;u, dầu hồng.... Đặc trưng chung của nh&oacute;m hương gỗ l&agrave; tạo n&ecirc;n cảm gi&aacute;c như những m&ugrave;i thơm của đất. Nh&oacute;m hương gỗ thường rất đa dạng v&agrave; dễ sử dụng, L&agrave; m&ugrave;i hương quyến rũ bậc nhất, nam t&iacute;nh, tinh tế, ch&iacute;n chắn v&agrave; một ch&uacute;t b&iacute; ẩn. L&agrave; m&ugrave;i hương d&agrave;nh cho những người đ&atilde; thực sự trưởng th&agrave;nh. những người đang muốn c&oacute; một m&ugrave;i tươi mới nhưng vẫn giữ được sự tinh tế. Nước hoa hương gỗ n&ecirc;n sử dụng tốt nhất v&agrave;o những th&aacute;ng m&ugrave;a lạnh v&agrave; v&agrave;o buổi tối. Người nay kiểu c&aacute;ch, người xưa cầu kỳ nhưng đều c&oacute; chung một điểm: t&ocirc;n s&ugrave;ng đ&agrave;n hương v&agrave; tuyết t&ugrave;ng. Hai lo&agrave;i gỗ hiếm n&agrave;y đều c&oacute; m&ugrave;i hương rất dễ nhận biết v&agrave; rất thơm. Người Trung Quốc v&agrave; Ấn Độ cổ vẫn d&ugrave;ng n&oacute; trong những nghi lễ trọng đại của họ. Cũng kh&ocirc;ng thể kh&ocirc;ng nhắc đến labdanum - một chất rất ngọt, rỉ ra từ l&aacute; v&agrave; c&agrave;nh của một loại gỗ hồng đặc biệt được t&igrave;m thấy ở đảo S&iacute;p v&agrave; v&ugrave;ng Địa Trung Hải. Cũng đừng qu&ecirc;n nhựa th&ocirc;ng Nếu kh&ocirc;ng c&oacute; n&oacute;, kho t&agrave;ng nước hoa sẽ ngh&egrave;o đi một &iacute;t. Th&ocirc;ng cho nhựa l&agrave;m nước hoa thường được trồng ở Nam Tư cũ, &Yacute; v&agrave; c&aacute;c nước Trung &Acirc;u. Frankincense l&agrave; loại nhựa th&ocirc;ng nổi tiếng nhất.</p>\r\n\r\n<p>+ Dried Wood (kh&ocirc;): Thường l&agrave; m&ugrave;i của gỗ đ&agrave;n hương được kết hợp với da thuộc v&agrave; thuốc l&aacute;. M&ugrave;i hương ấm &aacute;p v&agrave; nam t&iacute;nh.</p>\r\n\r\n<p>+ Mossy Wood (r&ecirc;u): Đặc trưng bởi m&ugrave;i r&ecirc;u sồi cộng với 1 &iacute;t m&ugrave;i citrus để tạo n&eacute;t tự nhi&ecirc;n, c&aacute; t&iacute;nh thoải m&aacute;i kh&ocirc;ng r&agrave;ng buộc. L&agrave; những m&ugrave;i hương ấm c&uacute;ng, kh&ocirc; v&agrave; mạnh, thường được những người c&aacute; t&iacute;nh mạnh mẽ v&agrave; th&agrave;nh đạt ưa d&ugrave;ng.</p>\r\n\r\n<p>+ Woody Oriental (cổ điển): L&agrave; sự kết hợp của hổ ph&aacute;ch, gỗ đ&agrave;n hương cộng với hoắc hương để tạo n&eacute;t quyến rũ v&agrave; nam t&iacute;nh. L&agrave; loại m&ugrave;i hương quyến rũ nhất.</p>\r\n\r\n<p>&nbsp;</p>\r\n\r\n<p><strong>2.</strong>&nbsp;&nbsp;<strong>Oriental - Ấm &aacute;p v&agrave; Huyền b&iacute;</strong></p>\r\n\r\n<p>Nh&oacute;m hương Đ&ocirc;ng phương l&agrave; loại mạnh nhất trong tất cả c&aacute;c nh&oacute;m hương. L&agrave; d&ograve;ng hương k&eacute;n người chơi với những hương thơm đặc trưng phương Đ&ocirc;ng như hương nhu, hoắc hương, xạ hương, v&agrave; đặc biệt l&agrave; hổ ph&aacute;ch. Nhưng nếu đ&atilde; d&ugrave;ng được th&igrave; c&oacute; một cuốn h&uacute;t đặc biệt ấn tượng rất l&acirc;u phai.</p>\r\n\r\n<p>L&agrave; sự trộn lẫn giữa ấm &aacute;p v&agrave; huyền b&iacute;. M&ugrave;i thơm của c&aacute;c loại xạ v&agrave; những loại gỗ qu&iacute; được phối với c&aacute;c m&ugrave;i độc đ&aacute;o kh&aacute;c từ c&aacute;c miền tr&ecirc;n thế giới (cụ thể từ phương Đ&ocirc;ng). L&agrave; nh&oacute;m c&oacute; hương thơm đậm nhất. Nước hoa họ n&agrave;y thường c&oacute; m&ugrave;i đặc trưng ấm, hơi gắt v&agrave; c&oacute; g&igrave; đ&oacute; b&iacute; ẩn như ch&iacute;nh phương Đ&ocirc;ng vậy.</p>\r\n\r\n<p>Phần lớn nh&oacute;m hương Đ&ocirc;ng phương c&oacute; khả năng kết hợp những m&ugrave;i đặc trưng của c&aacute;c nh&oacute;m kh&aacute;c, từ m&ugrave;i tr&aacute;i c&acirc;y k&iacute;ch th&iacute;ch tới m&ugrave;i gỗ ấm n&oacute;ng. Nh&oacute;m nước hoa n&agrave;y trở th&agrave;nh một sự lựa chọn tối ưu cho mọi m&ocirc;i trường, hoạt động buổi tối hay những dịp lễ đặc biệt, kh&ocirc;ng ph&acirc;n biệt lứa tuổi.</p>\r\n\r\n<p>Được chiết xuất từ nang của cả hải ly đực v&agrave; c&aacute;i, chất dịch lấy từ một bao nhỏ dưới đu&ocirc;i của cầy hương, rồi long di&ecirc;n hương, cao động vật... tất cả những chất n&agrave;y đều c&oacute; m&ugrave;i nặng, rất gắt nhưng khi pha lo&atilde;ng ở một nồng độ hợp l&yacute;, ch&uacute;ng lại g&oacute;p phần tạo n&ecirc;n t&iacute;nh c&aacute;ch cho rất nhiều loại nước hoa. Được d&ugrave;ng nhiều nhất v&agrave; cũng đắt nhất, trong số c&aacute;c nguy&ecirc;n liệu từ động vật l&agrave; xạ hương, lấy từ con hươu xạ đực. Xạ hương c&oacute; thể duy tr&igrave; m&ugrave;i hương rất l&acirc;u. Ng&agrave;y trước để c&oacute; được những m&ugrave;i n&agrave;y, kh&ocirc;ng biết bao nhi&ecirc;u hải ly, cầy hương hay hươu đ&atilde; bị s&aacute;t hại.</p>\r\n\r\n<p>Ng&agrave;y nay ch&uacute;ng đ&atilde; được thay thế bằng h&oacute;a chất nh&acirc;n tạo để hạ gi&aacute;, tăng sản lượng v&agrave; bảo vệ m&ocirc;i trường.Mỗi nh&oacute;m hương đồng thời chia ra th&agrave;nh một v&agrave;i nh&oacute;m nhỏ kh&aacute;c, v&igrave; những m&ugrave;i kết hợp thường tạo ra những loại nước hoa phức hương:</p>\r\n\r\n<p><strong>Orientl family</strong>: Hương thơm Oriental thật phong ph&uacute; v&agrave; b&iacute; ẩn xo&aacute;y v&agrave;o hương thơm từ động vật như hươu xạ, hải ly, cầy hương &hellip; rất gợi t&igrave;nh. Họ n&agrave;y th&iacute;ch hợp cho sử dụng ban đ&ecirc;m v&agrave;o những ng&agrave;y m&ugrave;a thu se lạnh hay m&ugrave;a đ&ocirc;ng.</p>\r\n\r\n<p><strong>Semi Oriental</strong>&nbsp;(b&aacute;n cổ điển): M&ugrave;i phương đ&ocirc;ng được trộn lẫn với c&aacute;c loại m&ugrave;i hương nh&oacute;m hoa tạo sự tươi m&aacute;t tr&ecirc;n nền m&ugrave;i cơ bản l&agrave; c&aacute;c m&ugrave;i họ phương đ&ocirc;ng. Mang m&ugrave;i hương tinh khiết, thanh sạch, nhẹ v&agrave; trong vắt. Nước hoa họ n&agrave;y mang lại cảm gi&aacute;c rất thanh tho&aacute;t v&agrave; thư th&aacute;i, như khi chỉ c&oacute; một m&igrave;nh bạn giữa n&uacute;i xanh, biển trong v&agrave; kh&ocirc;ng kh&iacute; an l&agrave;nh vậy.</p>\r\n\r\n<p>&nbsp;</p>\r\n\r\n<p><strong>3.&nbsp;Aromatic (hương thơm)</strong>&nbsp;- Nồng n&agrave;n, Quyến rũ</p>\r\n\r\n<p>Nồng n&agrave;n hơn, mạnh mẽ hơn hơn nhờ c&oacute; sự c&oacute; mặt của c&aacute;c loại hoa. L&agrave; sự kết hợp của tất cả c&aacute;c loại m&ugrave;i, từ tr&aacute;i c&acirc;y, đến hoa cỏ, đến gia vị v&agrave; gỗ. C&aacute; t&iacute;nh hơn v&agrave; ch&iacute;n chắn hơn.</p>\r\n\r\n<p>Aromatic Citrus: Nặng m&ugrave;i cam chanh hơn, thường kết hợp với gừng tạo n&eacute;t c&aacute; t&iacute;nh mạnh.</p>\r\n\r\n<p>Aromatic Spicy: Nặng m&ugrave;i gia vị hơn, thường kết hợp với gỗ đ&agrave;n hương hoặc thuốc l&aacute; v&agrave; 1 &iacute;t citrus. Chủ yếu tạo n&eacute;t b&iacute; ẩn v&agrave; quyến rũ.</p>\r\n\r\n<p>Aromatic L&agrave; sự kết hợp h&agrave;i h&agrave;o giữa tr&aacute;i c&acirc;y, gia vị v&agrave; gỗ cộng th&ecirc;m m&ugrave;i hương chủ đạo của 1 loại hoa. Thường d&ugrave;ng nhất l&agrave; oải hương.</p>\r\n\r\n<p>&nbsp;</p>\r\n\r\n<p><strong>4.&nbsp;Fruity - Tinh khiết</strong></p>\r\n\r\n<p>Nh&oacute;m hương tr&aacute;i c&acirc;y rất đặc trưng với những m&ugrave;i vừa tươi m&aacute;t vừa ngọt ấm, đầy gia vị tươi ngon của hoa quả. N&oacute; tạo cảm gi&aacute;c thoảng dịu, ch&iacute;n nhẹ, rất sạch, rất trong.</p>\r\n\r\n<p>Nh&oacute;m Fruity n&agrave;y thường mang lại một m&ugrave;i k&iacute;ch th&iacute;ch v&agrave; tươi mới. Th&iacute;ch hợp cho sử dụng ban ng&agrave;y cho cả thời tiết ấm &aacute;p v&agrave; m&aacute;t mẻ. V&agrave;o m&ugrave;a h&egrave;, m&ugrave;i tr&aacute;i c&acirc;y sẽ cho cảm gi&aacute;c m&aacute;t mẻ đến kh&ocirc;ng ngờ. Nếu bạn c&oacute; sở th&iacute;ch hướng ngoại, đi đ&oacute; đ&acirc;y với bạn b&egrave; v&agrave;o m&ugrave;a h&egrave;, đ&acirc;y l&agrave; nh&oacute;m hương d&agrave;nh cho bạn.</p>\r\n\r\n<p>&nbsp;</p>\r\n\r\n<p>Nh&oacute;m nước hoa n&agrave;y ph&ugrave; hợp với tuổi nhỏ v&agrave; những t&iacute;nh c&aacute;ch hồn nhi&ecirc;n, ng&acirc;y thơ, cho cả nam v&agrave; nữ, n&oacute; ho&agrave;n to&agrave;n hợp với phụ nữ th&iacute;ch những m&ugrave;i cổ điển, pha th&ecirc;m một ch&uacute;t nhẹ nh&agrave;ng tinh tế.</p>\r\n\r\n<p>T&aacute;o, mơ, qu&yacute;t, dứa, đ&agrave;o, đu đủ... đều c&oacute; thể l&agrave;m được nước hoa nhưng phổ biến nhất l&agrave; cam v&agrave; chanh. Giống cam l&agrave;m nước hoa l&yacute; tưởng l&agrave; Bergamot trồng ở Calabria, ph&iacute;a nam nước &Yacute;. C&ograve;n chanh th&igrave; cũng hầu hết được trồng ở &Yacute; v&agrave; Mỹ. Tinh dầu cam, chanh thường được d&ugrave;ng trong c&aacute;c loại Eau de Cologne. Hương chanh v&agrave; cam được d&ugrave;ng kh&aacute; phổ biến v&agrave;o thế kỷ 17 v&igrave; c&oacute; m&ugrave;i thơm đặc sắc v&agrave; mang lại cảm gi&aacute;c tươi m&aacute;t. V&agrave;o những năm thập ni&ecirc;n 90, người ta c&oacute; xu hướng sử dụng ồ ạt c&aacute;c hương thơm của c&aacute;c tr&aacute;i sung, mận, xo&agrave;i, nho Hi Lạp, t&aacute;o&hellip;</p>\r\n\r\n<p>&nbsp;</p>\r\n\r\n<p><strong>5.&nbsp;Chypre - Quyến rũ, Tươi m&aacute;t</strong></p>\r\n\r\n<p>Nh&oacute;m hương n&agrave;y ra đời sau khi nước hoa Coty Chypre được sản xuất năm 1917. Dựa tr&ecirc;n sự tương phản của hương cam v&agrave; m&ugrave;i hăng của đất từ r&ecirc;u mọc tr&ecirc;n c&acirc;y sồi. Nước hoa nh&oacute;m n&agrave;y mang n&eacute;t quyến rũ v&agrave; tươi m&aacute;t l&yacute; tưởng để sử dụng khi đi l&agrave;m việc.</p>\r\n\r\n<p>Chẳng c&oacute; họ n&agrave;o đa hương như Chypre l&agrave; một tổng thể được kết hợp từ c&aacute;c m&ugrave;i của gỗ, r&ecirc;u (mossy) v&agrave; hoa, c&oacute; khi th&ecirc;m cả m&ugrave;i của da thuộc hoặc c&aacute;c loại quả. Nước hoa d&ograve;ng chypre thường rất đậm đ&agrave;, giữ m&ugrave;i rất l&acirc;u. Nh&oacute;m nước hoa n&agrave;y cũng ấm như kh&iacute; hậu của đảo S&iacute;p ở Địa Trung Hải m&agrave; n&oacute; mượn t&ecirc;n v&agrave; giữ m&ugrave;i rất l&acirc;u.</p>\r\n\r\n<p>Chypre Fruity: Được kết hợp bởi hương tr&aacute;i c&acirc;y ,hương đ&agrave;o ,hương mơ ,d&acirc;u t&acirc;y,quả dại tạo n&ecirc;n một l&agrave;ng hương ấm &aacute;p sang trọng</p>\r\n\r\n<p>Chypre Floral Được kết hợp bởi hương hoa hồng,hoa Lily,hoa L&agrave;i,...</p>\r\n\r\n<p>&nbsp;</p>\r\n\r\n<p><strong>6. Floral - Xu&acirc;n H&egrave; Tươi m&aacute;t</strong></p>\r\n\r\n<p>Đặc trưng bởi m&ugrave;i hương của c&aacute;c loại l&aacute; , hương cỏ, c&oacute; m&ugrave;i của hoa, của thi&ecirc;n nhi&ecirc;n, l&atilde;ng mạn. Thường mang hơi thở của nước. L&agrave; lớp m&ugrave;i trẻ trung nhất th&iacute;ch hợp cho m&ugrave;a xu&acirc;n h&egrave;, bạn c&oacute; thể d&ugrave;ng bất cứ khi n&agrave;o.</p>\r\n\r\n<p>&nbsp;L&agrave; một dạng hương phổ biến v&agrave; d&ugrave;ng rộng r&atilde;i nhất thế giới. Bất cứ ai muốn trở n&ecirc;n dễ thương v&agrave; nữ t&iacute;nh đều c&oacute; thể chọn một loại nước hoa trong nh&oacute;m n&agrave;y. Đồng thời, nh&oacute;m hương cỏ hoa được giới thiệu như một m&ugrave;i hương an to&agrave;n v&agrave; ph&ugrave; hợp cho mọi lứa tuổi trong mọi dịp lễ hội.</p>\r\n\r\n<p>&nbsp;C&aacute;c hương thơm của c&acirc;y hương thảo, bạc h&agrave;, ngải đắng, oải hương, dưa chuột &hellip; l&agrave;m tăng cường sinh lực v&agrave; tạo cảm gi&aacute;c nhẹ nh&agrave;ng, thanh thản rất l&yacute; tưởng cho người sử dụng v&agrave;o m&ugrave;a h&egrave;. C&oacute; khả năng gợi nhớ những m&ugrave;i giống như cỏ cắt tươi v&agrave; m&ugrave;a xu&acirc;n đang tr&agrave;n về Đ&acirc;y cũng l&agrave; nh&oacute;m nước hoa l&yacute; tưởng d&ugrave;ng để l&agrave;m qu&agrave; tặng. Floral L&agrave; tinh chất của hoa. Đương nhi&ecirc;n, hoa đứng đầu danh mục nguy&ecirc;n liệu chưng cất ra tinh dầu. Chất đất, kh&iacute; hậu v&agrave; sự đa dạng của hoa đ&atilde; tạo ra sự biến ảo kh&ocirc;n lường của những m&ugrave;i hương. Những lo&agrave;i hoa nguy&ecirc;n liệu phổ biến nhất l&agrave; hồng, nh&agrave;i, violet v&agrave; ngọc lan t&acirc;y. Hoa hồng c&oacute; mặt trong hương của 75% c&aacute;c loại hoa. Hai loại hồng ch&iacute;nh hay được chiết xuất l&agrave; hồng Centifolia ở ph&iacute;a nam nước Ph&aacute;p, hồng Damask ở c&aacute;c nước Ả Rập. Hoa nh&agrave;i v&agrave; chất tổng hợp mang m&ugrave;i hương giống n&oacute; đằm m&igrave;nh trong 83% nước hoa phụ nữ, bất chấp một thực tế l&agrave; để c&oacute; được một gam nguy&ecirc;n chất phải mất đến 8000 b&ocirc;ng hoa nh&agrave;i. Tr&aacute;i ngược với hoa nh&agrave;i, Violet vốn rất phổ th&ocirc;ng ng&agrave;y trước, nay c&agrave;ng trở n&ecirc;n khan hiếm. Thế n&ecirc;n t&igrave;m được một chai nước hoa c&oacute; m&ugrave;i violet, nhất l&agrave; violet trồng ở Victoria hay Parma c&oacute; thể coi l&agrave; may mắn. Dọc Đ&ocirc;ng Nam &Aacute;, lo&agrave;i hoa được chiết xuất nhiều nhất l&agrave; ngọc lan t&acirc;y.Nh&oacute;m n&agrave;y lại c&oacute; c&aacute;c loại ch&iacute;nh với m&ugrave;i đơn lẻ hoặc m&ugrave;i tổng hợp của nhiều lo&agrave;i hoa cỏ khiến cho người sử dụng c&oacute; cảm gi&aacute;c nhẹ nh&agrave;ng. C&aacute;c m&ugrave;i hương Floral:</p>\r\n\r\n<p><strong>Floral Water</strong>: Sạch sẽ v&agrave; m&aacute;t mẻ, m&ugrave;i hương loại n&agrave;y phảng phất sự ẩm ướt của kh&ocirc;ng kh&iacute; ẩm đại dương, nước đ&aacute; hoặc sương lạnh</p>\r\n\r\n<p><strong>Floral Green</strong>: Đặc trưng bởi m&ugrave;i của l&agrave; c&acirc;y, cỏ, c&aacute;c loại thảo mộc xanh, c&aacute;c loại d&acirc;y leo mang đến sự trẻ trung, năng động. Xanh c&acirc;y cỏ l&agrave; loại nước hoa thơm m&ugrave;i tươi, tr&agrave;n đầy phấn khởi như đang tản mạn ngo&agrave;i kh&ocirc;ng gian tho&aacute;ng đ&atilde;ng. Nh&oacute;m n&agrave;y mang t&iacute;nh tự nhi&ecirc;n của thi&ecirc;n nhi&ecirc;n cao, thường được kết hợp với c&aacute;c m&ugrave;i hoa quả v&agrave; mang đặc trưng của t&iacute;nh hiện đại v&agrave; thời thượng.</p>\r\n\r\n<p><strong>Floral Citrus</strong>: Tươi m&aacute;t, đặc trưng bởi m&ugrave;i của cam, chanh, bưởi h&ograve;a c&ugrave;ng 1 &iacute;t gỗ v&agrave; xạ hương để l&agrave;m m&ugrave;i hương đầm lại. Trẻ trung v&agrave; quyến rũ. Nh&oacute;m n&agrave;y c&oacute; đặc điểm thơm m&aacute;t nhẹ nh&agrave;ng thường được kết hợp với hương liệu những nh&oacute;m với m&ugrave;i c&oacute; nữ t&iacute;nh cao như hoa quả.</p>\r\n\r\n<p><strong>Floral</strong>: Bao gồm m&ugrave;i hoa c&aacute;c thể loại, được phối hợp với c&aacute;c nh&oacute;m kh&aacute;c để tạo những đặc trưng ri&ecirc;ng.</p>\r\n\r\n<p><strong>Floral Aldehydic</strong>: C&aacute;c Aldehydes được bổ sung v&agrave;o hương liệu m&ugrave;i hoa để tăng độ tinh tế v&agrave; độ &ldquo;dậy m&ugrave;i&rdquo; của nh&oacute;m hương liệu hoa n&agrave;y.</p>\r\n\r\n<p><strong>Single Floral</strong>: L&agrave; những sự kết hợp hương liệu xung quanh một m&ugrave;i hoa ch&iacute;nh, đ&oacute; c&oacute; thể l&agrave; hoa hồng, hoa nh&agrave;i, hoa huệ, loa k&egrave;n hoặc ngọc lan t&acirc;y.</p>\r\n', '2021-05-01', 1, 'PHÂN BIỆT CÁC NHÓM HƯƠNG NƯỚC HOA', 'phanbiet_nhom_huong.jpg', '<p>C&aacute;c nh&oacute;m m&ugrave;i hương nước hoa thường gặp.</p>\r\n'),
(21, 1, '<p>Xịt qu&aacute; &iacute;t sẽ khiến cơ thể bạn kh&ocirc;ng thể tỏa được hương thơm thật của&nbsp;nước hoa.&nbsp;C&ograve;n sử dụng qu&aacute; nhiều nước hoa&nbsp;th&igrave; bạn c&oacute; thể khiến mọi người xung quanh phải đau đầu v&igrave; n&oacute;.<br />\r\n<br />\r\nMột m&ugrave;i nước hoa kh&ocirc;ng đơn giản chỉ l&agrave; hương thơm, n&oacute; gợi l&ecirc;n cảm x&uacute;c v&agrave; n&oacute;i cho mọi người biết, bạn l&agrave; ai. V&igrave; thế, lựa chọn hương thơm ph&ugrave; hợp v&agrave; sử dụng đ&uacute;ng c&aacute;ch l&agrave; điều rất quan trọng.</p>\r\n\r\n<p><br />\r\n<br />\r\nMột&nbsp;m&ugrave;i hương&nbsp;tuyệt vời kh&ocirc;ng c&oacute; nghĩa l&agrave; n&oacute; sẽ ph&ugrave; hợp với bạn, bởi nước hoa khi kh&ocirc; sẽ c&oacute; m&ugrave;i kh&aacute;c&nbsp; nhau tr&ecirc;n da mỗi người. H&atilde;y học c&aacute;ch l&agrave;m quen với c&aacute;c tầng hương được mi&ecirc;u tả r&otilde; trong sản phẩm, v&agrave; sau đ&oacute; t&igrave;m ch&uacute;ng ở c&aacute;c thương hiệu kh&aacute;c. Một buổi ng&oacute; nghi&ecirc;ng c&aacute;c cửa h&agrave;ng nước hoa sẽ gi&uacute;p bạn x&aacute;c định được loại hương thơm mục ti&ecirc;u của m&igrave;nh.</p>\r\n\r\n<p>C&aacute;c điểm gi&uacute;p lưu giữ hương thơm l&agrave; cổ tay, b&ecirc;n trong khuỷu tay, sau g&aacute;y, nếp gấp sau đầu gối v&igrave; đ&acirc;y l&agrave; nơi c&oacute; nhiệt độ cơ thể ấm hơn c&aacute;c v&ugrave;ng kh&aacute;c, gi&uacute;p khuếch t&aacute;n nước hoa v&agrave; kh&ocirc;ng bị ảnh hưởng bởi c&aacute;c m&ugrave;i hương kh&aacute;c. Điều đ&oacute; nghĩa l&agrave; một đồng nghiệp khi ngồi cạnh sẽ ph&aacute;t hiện ra hương thơm của bạn, nhưng n&oacute; sẽ kh&ocirc;ng tấn c&ocirc;ng c&ocirc; ấy theo kiểu xộc thẳng v&agrave;o mũi.<br />\r\n<br />\r\nBạn n&ecirc;n tr&aacute;nh sử dụng nước hoa sau khi b&ocirc;i kem chống nắng v&igrave; n&oacute; khiến m&ugrave;i hương bị thay đổi. Cũng đặc biệt tr&aacute;nh xịt l&ecirc;n t&oacute;c v&igrave; th&agrave;nh phần h&oacute;a học trong nước hoa c&oacute; thể g&acirc;y hỏng t&oacute;c. Thay v&agrave;o đ&oacute;, bạn c&oacute; thể chọn một số loại nước hoa d&agrave;nh ri&ecirc;ng cho t&oacute;c. N&oacute; sẽ gi&uacute;p lưu giữ hương thơm m&agrave; kh&ocirc;ng l&agrave;m kh&ocirc; xơ t&oacute;c.</p>\r\n\r\n<p>&nbsp;</p>\r\n\r\n<p>Cũng tuyệt đối tr&aacute;nh xịt nước hoa l&ecirc;n quần &aacute;o, n&oacute; sẽ để lại c&aacute;c v&ugrave;ng loang kh&aacute;c m&agrave;u. Thay v&agrave;o đ&oacute;, chọn c&aacute;ch xịt nước hoa trước khi mặc quần &aacute;o để tr&aacute;nh bị loang m&agrave;u.<br />\r\n<br />\r\nNhiều phụ nữ&nbsp;c&oacute; th&oacute;i quen mang nước hoa theo để tiện xịt lại, tuy nhi&ecirc;n, c&aacute;c chuy&ecirc;n gia cho rằng việc xịt nước hoa&nbsp;v&agrave;o buổi s&aacute;ng ở c&aacute;c vị tr&iacute; quan trọng l&agrave; đ&atilde; đủ. C&ograve;n nếu bạn c&oacute; tiệc t&ugrave;ng th&ecirc;m v&agrave;o buổi tối, chỉ cần tắm rửa qua v&agrave; xịt th&ecirc;m v&agrave;o v&ugrave;ng sau g&aacute;y l&agrave; đủ.</p>\r\n', '2021-05-01', 1, 'Cách dùng nước hoa thật \"pro\"', 'cach_dung_nh_pro.jpg', '<p><strong>Việc sử dụng nước hoa sao cho đủ v&agrave; đ&uacute;ng lu&ocirc;n l&agrave; vấn đề m&agrave; mọi phụ nữ quan t&acirc;m.</strong></p>\r\n'),
(22, 1, '<p><strong>D&ugrave;ng lẫn c&aacute;c loại nước hoa</strong></p>\r\n\r\n<p>&nbsp;</p>\r\n\r\n<p>D&ugrave; bạn kh&ocirc;ng nhận ra, nhưng những ph&acirc;n tử nước hoa ban ng&agrave;y thường vẫn lưu lại &iacute;t nhiều tr&ecirc;n cơ thể v&agrave; trộn lẫn với loại bạn mới xịt. Điều đ&oacute; kh&ocirc;ng chỉ l&agrave;m biến đổi hương thơm m&agrave; c&ograve;n khiến nước hoa mất m&ugrave;i nhanh hơn.&nbsp;&nbsp;V&igrave; vậy, bạn n&ecirc;n tắm gội trước khi d&ugrave;ng nước hoa mới.</p>\r\n\r\n<p>&nbsp;</p>\r\n\r\n<p><strong>Nước hoa một đằng, dưỡng thể một nẻo</strong></p>\r\n\r\n<p>&nbsp;</p>\r\n\r\n<p>Hương liệu trong c&aacute;c loại sữa tắm v&agrave; kem dưỡng thể sẽ ảnh hưởng đến m&ugrave;i nước hoa, nhất l&agrave; khi bạn vừa tắm xong, cần xịt nước hoa ngay. C&aacute;c hương thơm kh&aacute;c loại sẽ &ldquo;đ&aacute;nh nhau&rdquo; tạo ra một m&ugrave;i kh&ocirc;ng như mong muốn.&nbsp;V&igrave; vậy, bạn n&ecirc;n d&ugrave;ng đồng bộ sữa tắm - dưỡng thể - nước hoa. Nếu kh&ocirc;ng bạn h&atilde;y chọn loại sữa tắm v&agrave; dưỡng thể m&ugrave;i c&agrave;ng nhẹ c&agrave;ng tốt.</p>\r\n\r\n<p>&nbsp;</p>\r\n\r\n<p><strong>Xịt nước hoa v&agrave;o &aacute;o s&aacute;ng m&agrave;u</strong></p>\r\n\r\n<p>&nbsp;</p>\r\n\r\n<p>M&ugrave;i nước hoa sẽ giữ được l&acirc;u hơn nếu bạn xịt v&agrave;o &aacute;o, nhưng nếu l&agrave; &aacute;o s&aacute;ng m&agrave;u, n&oacute; sẽ tạo th&agrave;nh những vệt ố. Do đ&oacute;, bạn chỉ n&ecirc;n &aacute;p dụng c&aacute;ch n&agrave;y với &aacute;o tối m&agrave;u. Xịt v&agrave;o &aacute;o ngực hay miếng b&ocirc;ng g&ograve;n nh&eacute;t v&agrave;o ngực &aacute;o cũng l&agrave; một mẹo để duy tr&igrave; m&ugrave;i hương.</p>\r\n\r\n<p>&nbsp;</p>\r\n\r\n<p><strong>Xịt v&agrave;o d&ugrave;ng da hở</strong></p>\r\n\r\n<p>&nbsp;</p>\r\n\r\n<p>Nếu bạn thường xuy&ecirc;n xịt nước hoa v&agrave;o những v&ugrave;ng da c&oacute; &aacute;nh nắng mặt trời chiếu v&agrave;o, cồn v&agrave; h&oacute;a chất trong mỹ phẩm n&agrave;y sẽ dễ g&acirc;y k&iacute;ch ứng, dẫn đến ngứa hay đỏ da, nhất l&agrave; khi trời nắng n&oacute;ng hoặc da bạn mẫn cảm. &Aacute;nh nắng cũng l&agrave;m m&ugrave;i nước hoa nhanh bay v&agrave; biến đổi. V&igrave; vậy nếu ra ngo&agrave;i trời nắng, bạn n&ecirc;n &ldquo;che chắn&rdquo; cẩn thận.</p>\r\n\r\n<p>&nbsp;</p>\r\n\r\n<p><strong>Xịt nước hoa v&agrave;o t&oacute;c</strong></p>\r\n\r\n<p>&nbsp;</p>\r\n\r\n<p>Đ&acirc;y sẽ l&agrave; một sai lầm nếu t&oacute;c bạn yếu. Việc xịt nước hoa v&agrave;o ch&acirc;n t&oacute;c gi&uacute;p giữ m&ugrave;i kh&aacute; l&acirc;u, nhưng n&oacute; lại dễ l&agrave;m hỏng t&oacute;c. V&igrave; vậy, bạn n&ecirc;n c&acirc;n nhắc để lựa chọn giữa d&aacute;ng dấp v&agrave; m&ugrave;i thơm.</p>\r\n\r\n<p>&nbsp;</p>\r\n\r\n<p><strong>B&agrave;y nước hoa tr&ecirc;n b&agrave;n hay tủ k&iacute;nh</strong></p>\r\n\r\n<p>&nbsp;</p>\r\n\r\n<p>Bạn y&ecirc;u những chai nước hoa của m&igrave;nh v&agrave; muốn để ch&uacute;ng tr&ecirc;n b&agrave;n trang điểm hay tủ k&iacute;nh để ngắm ngh&iacute;a v&agrave; để&hellip; khoe. Tuy nhi&ecirc;n, &aacute;nh s&aacute;ng sẽ khiến nước hoa biến chất, nhanh hỏng. Chỗ của ch&uacute;ng l&agrave; những nơi k&iacute;n đ&aacute;o, m&aacute;t mẻ nhưng kh&ocirc;ng ẩm thấp.</p>\r\n\r\n<p>&nbsp;</p>\r\n\r\n<p><strong>Vứt bỏ hộp giấy</strong></p>\r\n\r\n<p>&nbsp;</p>\r\n\r\n<p>Chiếc hộp giấy được thiết kế cho từng chai nước hoa, kh&ocirc;ng chỉ để l&agrave;m đẹp v&agrave; tr&aacute;nh va đập m&agrave; c&ograve;n gi&uacute;p bảo quản m&ugrave;i thơm. V&igrave; vậy, bạn đừng vứt đi, giữ được cả lớp bọc nylon c&agrave;ng tốt. Mỗi lần d&ugrave;ng, bạn chịu kh&oacute; mở ra, sau đ&oacute; cho v&agrave;o hộp. Tuy hơi mất c&ocirc;ng nhưng chai nước hoa của bạn sẽ l&acirc;u hỏng hơn.&nbsp;</p>\r\n\r\n<p>&nbsp;</p>\r\n\r\n<p><em>[Theo Vzone]</em></p>\r\n', '2021-05-01', 1, 'Những sai lầm khi sử dụng nước hoa', 'sailam_dung_nh.jpg', '<p>Sau đ&acirc;y l&agrave; một v&agrave;i sai lầm bạn hay mắc phải khi sử dụng v&agrave; bảo quản nước hoa.</p>\r\n');
INSERT INTO `baiviet` (`idBV`, `idSP`, `NoiDung`, `NgayCapNhat`, `AnHien`, `TieuDe`, `img`, `MoTa`) VALUES
(23, 1, '<p>Theo đồng t&aacute;c giả của cuốn Perfumes - Tania Sanchez, th&igrave; nước hoa l&agrave; một nghệ thuật, v&agrave; c&aacute;c mục đ&iacute;ch của nghệ thuật lu&ocirc;n l&agrave; chủ đề được luận b&agrave;n &iacute;t nhất từ thời Hy Lạp cổ đại. C&aacute;c mục đ&iacute;ch n&agrave;y lu&ocirc;n m&acirc;u thuẫn tr&aacute;i chiều. C&oacute; người cho rằng n&oacute; phải m&ocirc; phạm nhưng lại cũng c&oacute; người cho rằng n&oacute; phải rồ dại. Tương tự, c&oacute; những người đề cao việc thần th&aacute;nh ho&aacute;, nhưng lại cũng c&oacute; những người ca ngợi những vẻ đẹp dung tục. Nghệ thuật của nước hoa cũng vậy. Mục ti&ecirc;u lớn nhất của n&oacute; l&agrave; thu h&uacute;t được sự ch&uacute; &yacute; của ch&uacute;ng ta, rồi tạo ra những mong muốn v&agrave; cuối c&ugrave;ng l&agrave; thoả m&atilde;n những mong muốn đ&oacute;, theo c&aacute;ch kh&aacute;c với c&aacute;ch ch&uacute;ng ta suy nghĩ, nhưng nhất thiết l&agrave; phải tốt hơn hẳn.</p>\r\n\r\n<p>&nbsp;</p>\r\n\r\n<p>L&agrave;m như vậy bằng c&aacute;ch n&agrave;o? Phải chăng đ&oacute; l&agrave; một ph&eacute;p thuật? Một người phụ nữ t&ocirc;i biết từng kiếm t&igrave;m loại nước hoa hết sức hấp dẫn nhưng kh&ocirc;ng c&ograve;n tồn tại nữa - Iris Gris của Jacques Fath. C&ocirc; ấy cũng ph&acirc;n v&acirc;n tại sao hương đ&agrave;o v&agrave; hương iris, ở một tỷ lệ b&iacute; mật n&agrave;o đ&oacute; lại tạo ra một m&ugrave;i hương thứ ba, một m&ugrave;i rất quyện. N&oacute; kh&ocirc;ng phải iris, cũng chẳng phải đ&agrave;o m&agrave; l&agrave; một thứ g&igrave; đ&oacute; ho&agrave;n to&agrave;n mới. C&ocirc; rất tiếc v&igrave; kh&ocirc;ng hiểu được khoa học đ&atilde; tạo ra n&oacute;. Nhưng nước hoa kh&ocirc;ng phải l&agrave; khoa học m&agrave; l&agrave; một nghệ thuật, mặc d&ugrave; cả khoa học v&agrave; nghệ thuật đều ra đời từ nhờ v&agrave;o việc kết hợp những cảm hứng v&agrave; những việc t&igrave;nh cờ. Lần nọ, một người bạn của t&ocirc;i - một người chế biến nước hoa nghiệp dư - đ&atilde; lấy một ch&uacute;t Persicol, một loại hương nền đ&agrave;o v&agrave; trộn n&oacute; từng giọt, từng giọt v&agrave;o với một lọ Iris Silver Mist tuyệt vời của Serge Lutens. Thoạt ti&ecirc;n ch&uacute;ng t&ocirc;i chỉ ngửi thấy m&ugrave;i iris, một l&uacute;c sau ch&uacute;ng t&ocirc;i cảm thấy ch&aacute;n ng&aacute;n với tr&ograve; chơi th&igrave; giọt Persicol cuối c&ugrave;ng đ&atilde; đưa hỗn hợp v&agrave;o một v&ugrave;ng bi&ecirc;n kh&ocirc;ng thể giải th&iacute;ch được. M&ugrave;i đ&agrave;o v&agrave; m&ugrave;i iris kh&ocirc;ng c&ograve;n t&aacute;ch biệt nữa, thay v&agrave;o đ&oacute; ch&uacute;ng t&ocirc;i nhận thấy sự xuất hiện của một m&ugrave;i thứ ba - một m&ugrave;i c&oacute; hương thơm m&aacute;t như satin của đ&agrave;o v&agrave; ấm &aacute;p của rượu vang Bồ Đ&agrave;o Nha, hệt như m&ugrave;i của Iris Gris vậy.</p>\r\n\r\n<p>&nbsp;</p>\r\n\r\n<p>Việc đo&aacute;n &yacute; tưởng nước hoa kế tiếp c&ograve;n kh&oacute; hơn cả việc đo&aacute;n giai điệu kế tiếp của một bản nhạc jazz ngẫu hứng. Nếu cho rằng tạo ra nước hoa kh&aacute; dễ, tất cả chỉ đơn giản l&agrave; lấy c&aacute;i n&agrave;y trộn c&aacute;i kia, rồi đột nhi&ecirc;n may mắn sẽ mỉm cười v&agrave; bạn sẽ c&oacute; những huyền thoại như&nbsp;No5 hay&nbsp;No. 19 th&igrave; bạn đ&atilde; nhầm to. Để tạo ra một d&ograve;ng nước hoa, d&ugrave; huyền thoại hay kh&ocirc;ng, người ta vẫn cần phải c&oacute; đầu ti&ecirc;n l&agrave; những người d&aacute;m đưa ra c&aacute;c &yacute; tưởng, rồi tới những người c&oacute; đủ khả năng để t&igrave;m ra được &yacute; tưởng tốt giữa một đống hỗn độn những &yacute; tưởng v&ocirc; dụng, kế tiếp l&agrave; một người c&oacute; đủ khả năng để thực hiện ho&aacute; &yacute; tưởng đ&oacute;. Bạn c&agrave;ng kh&ocirc;ng n&ecirc;n nghĩ cứ trộn lẫn c&aacute;c nguy&ecirc;n liệu đắt tiền sẽ tạo ra một lọ nước hoa xịn. Để chứng minh điều n&agrave;y xin đưa ra một v&iacute; dụ dễ h&igrave;nh dung hơn. H&atilde;y mua t&ocirc;m h&ugrave;m tươi, loại to, pho m&aacute;t thượng hạng Camembert, chocolate Venezuela, v&agrave; rượu Chartreuse rồi trộn ch&uacute;ng với nhau v&agrave; ninh l&ecirc;n. Bạn sẽ c&oacute; một m&oacute;n ngon chứ hả? Tạo ra nước hoa cũng vậy, phải mất nhiều năm một người mới c&oacute; thể trở th&agrave;nh một nh&agrave; điều chế nước hoa. V&agrave; ngay cả một nh&agrave; điều chế nước hoa t&agrave;i năng cũng cần những kh&aacute;ch h&agrave;ng s&agrave;nh điệu, c&oacute; thể nhận ra thứ g&igrave; tốt ngay khi mới ngửi n&oacute;.</p>\r\n\r\n<p>&nbsp;</p>\r\n\r\n<p>Phải n&oacute;i rằng trong số những loại nước hoa được xem l&agrave; tốt hoặc xuất sắc, sẽ c&oacute; những loại nước hoa khiến bạn x&uacute;c động mạnh hơn c&aacute;c loại nước hoa kh&aacute;c v&agrave; sẽ c&oacute; những loại khiến bạn cảm thấy lạnh người hoặc thậm ch&iacute; ph&aacute;t ốm. Đơn giản kh&ocirc;ng phải ch&uacute;ng kh&ocirc;ng tốt, chỉ bởi ch&uacute;ng kh&ocirc;ng n&oacute;i những thứ bạn đang tr&ocirc;ng mong, hoặc n&oacute;i những thứ bạn chẳng bao giờ muốn nghe. Tuy nhi&ecirc;n, một lần nữa, bạn h&atilde;y nhớ nước hoa l&agrave; một nghệ thuật. H&atilde;y c&ocirc;ng bằng v&agrave; dẹp c&aacute; nh&acirc;n chủ nghĩa sang một b&ecirc;n trước những thứ được tạo ra cầu kỳ, v&agrave; tuyệt vời trong lịch sử c&aacute;c huyền thoại nước hoa.</p>\r\n\r\n<p>&nbsp;</p>\r\n\r\n<p>Nếu từng thử v&agrave;i loại, bạn sẽ biết nước hoa l&agrave; tứh ẩm ương, kh&oacute; chiều, kh&oacute; chọn, tinh tế, phức tạp nhất trong lịch sử lo&agrave;i người. (C&oacute; lẽ ch&iacute;nh những đặc t&iacute;nh n&agrave;y khiến nước hoa l&agrave; một phần kh&ocirc;ng thể t&aacute;ch rời với phụ nữ). Nhiều loại nước hoa c&oacute; m&ugrave;i ban đầu kh&aacute; tốt, nhưng khi th&ocirc;i m&ugrave;i, n&oacute; sẽ tạo ra một thứ m&ugrave;i kh&oacute; chịu v&agrave; rất kh&oacute; gột sạch. Một v&agrave;i loại c&oacute; m&ugrave;i kh&aacute; lạnh, một v&agrave;i loại kh&aacute;c lại chỉ thơm khoảng một giờ ở giữa hai điểm đầu v&agrave; cuối. Loại n&agrave;y c&oacute; khởi đầu v&agrave; kết th&uacute;c kh&aacute; buồn tẻ. Một v&agrave;i loại lại c&oacute; m&ugrave;i ngọt tới kh&oacute; chịu, một v&agrave;i loại th&igrave; l&atilde;ng đ&atilde;ng. Một số loại chỉ y&ecirc;u người n&agrave;y, nhưng lại gh&eacute;t cay gh&eacute;t đắng người kia. Tuy nhiều loại nước hoa như v&acirc;y, nhưng chỉ c&oacute; v&agrave;i loại thể hiện c&aacute;c &yacute; tưởng một c&aacute;ch nhẹ nh&agrave;ng như kh&ocirc;ng. Trong số n&agrave;y lại chỉ c&oacute; v&agrave;i loại để mỗi ng&agrave;y bạn đều c&oacute; thể ph&aacute;t hiện ở n&oacute; những thứ mới mẻ, thi vị. Đ&oacute; l&agrave; những loại xuất sắc. Một người c&oacute; thể ngưỡng mộ một loạinước hoa khi họ kh&ocirc;ng hề y&ecirc;u n&oacute;.</p>\r\n\r\n<p>&nbsp;</p>\r\n\r\n<p>T&ocirc;i đ&atilde; lu&ocirc;n th&iacute;ch đ&ugrave;a nghịch với nước hoa. Nhưng v&agrave;o năm 17 tuổi, t&ocirc;i ph&aacute;t hiện một quầy Guerlain trong một cửa h&agrave;ng xa xỉ ở New York. Thứ đầu ti&ecirc;n t&ocirc;i thử l&agrave; Champs- Elysees, v&agrave; n&oacute; khiến t&ocirc;i gần như muốn lập tức bỏ đi. Hương của n&oacute; kh&aacute; sắc, s&acirc;u v&agrave; c&oacute; m&ugrave;i tua tủa như m&ugrave;i hoa bị g&oacute;t gi&agrave;y bằng nhựa gi&agrave;y x&eacute;o. Nhưng chẳng đặng l&ograve;ng, t&ocirc;i đ&atilde; thử một lọ đ&iacute;nh nh&atilde;n LHeure Bleue. Đ&oacute; l&agrave; một chai eau de toilette c&oacute; d&aacute;ng một c&acirc;y đ&agrave;n lute b&egrave; b&egrave;, c&oacute; nắp bằng plastic giả sơn m&agrave;i. Nh&atilde;n của n&oacute; c&oacute; m&agrave;u đen v&agrave; l&agrave; loại chữ c&oacute; ch&acirc;n n&ecirc;n tr&ocirc;ng chẳng c&oacute; g&igrave; ăn nhập với nền thủy tinh trắng của chiếc lọ cả. N&oacute;i thực, nếu phải mi&ecirc;u tả bằng một từ th&igrave; n&oacute; rất xấu. Nhưng trước sự ngạc nhi&ecirc;n của t&ocirc;i, b&ecirc;n trong chiếc lọ l&agrave; một hương thơm đẹp đẽ m&agrave; t&ocirc;i chưa bao giờ thấy. T&ocirc;i đ&atilde; mua n&oacute; bằng tiền ăn cả th&aacute;ng v&agrave; chỉ d&aacute;m đặt n&oacute; v&agrave;o trong tủ tối, để l&acirc;u l&acirc;u mới sử dụng. Lọ nước hoa đ&atilde; mang lại cho t&ocirc;i những trải nghiệm của một t&igrave;nh y&ecirc;u, một t&igrave;nh y&ecirc;u thầm k&iacute;n.</p>\r\n\r\n<p>&nbsp;</p>\r\n\r\n<p>Khi y&ecirc;u một người phụ nữ, h&atilde;y b&agrave;y tỏ! Khi y&ecirc;u một lọ nước hoa, h&atilde;y mua n&oacute;! Đ&oacute; l&agrave; hai điều t&ocirc;i học được từ thế giới của nhũng m&ugrave;i hương. Nếu kh&ocirc;ng l&agrave;m vậy, cơ hội để c&oacute; thể mất đi m&atilde;i m&atilde;i khi người phụ nữ của bạn nhận lời người kh&aacute;c, c&ograve;n d&ograve;ng nước hoa bạn y&ecirc;u sẽ kh&ocirc;ng được sản xuất nữa, hoặc người ta thay đổi c&ocirc;ng thức sản xuất ch&uacute;ng.</p>\r\n\r\n<p>&nbsp;</p>\r\n\r\n<p>Vậy chọn nước hoa thế n&agrave;o? Nếu tới một buổi chiếu phim hoặc một biểu biểu diễn, phải ngồi canh nhiều người trong nhiều giờ, tốt nhất h&atilde;y sử dụng những loại c&oacute; m&ugrave;i dễ lẫn v&agrave;o kh&ocirc;ng kh&iacute;. (Những người phụ nữ chuộng, v&agrave; th&iacute;ch nghi rằng ở đ&acirc;u Poison cũng chứng minh được thế mạnh của m&igrave;nh đ&ocirc;i khi khiến người xung quanh phải ph&aacute;t ng&aacute;n v&igrave; nước hoa). Nếu đi ăn tối, rất n&ecirc;n chọn những loại c&oacute; thể kết hợp với đồ ăn (một loại n&agrave;o đ&oacute; cổ điển, k&iacute;n đ&aacute;o được l&agrave;m từ gỗ đ&aacute;n hưong chẳng hạn), hoặc thậm ch&iacute; l&agrave; kh&ocirc;ng sử dụng nước hoa. Tới c&aacute;c buổi thử rượu v&agrave; những bữa ăn sang trọng, tốt nhất đừng d&ugrave;ng nước hoa, như vậy bạn c&oacute; thể hướng sự ch&uacute; &yacute; của m&igrave;nh v&agrave;o những chai burgundy c&oacute; gi&aacute; $300.</p>\r\n\r\n<p>&nbsp;</p>\r\n\r\n<p>&nbsp;</p>\r\n\r\n<p>Nước hoa cho bữa tiệc được trang tr&iacute; với những b&oacute;ng đ&egrave;n quả ớt n&ecirc;n l&agrave; những tuy&ecirc;n bố đơn giản về hạnh ph&uacute;c, thay v&igrave; những loại hương nặng m&ugrave;i học giả hay trầm mặc suy tư. Đ&acirc;y cũng l&agrave; l&uacute;c l&yacute; tưởng cho những loại nước hoa c&oacute; m&ugrave;i cocktail hoa quả. M&ocirc;i trường c&ocirc;ng sở trong khi đ&oacute; lại đ&ograve;i hỏi một chiến lược ho&agrave;n to&agrave;n kh&aacute;c. N&oacute; phụ thuộc v&agrave;o c&ocirc;ng việc của bạn, ảnh hưởng của bạn đối với dự &aacute;n mặc d&ugrave; nh&igrave;n chung th&igrave; bạn n&ecirc;n tr&aacute;nh những m&ugrave;i quả tiệc t&ugrave;ng hay s&agrave;nh điệu ở những chốn nặng chữ nghĩa như vậy.</p>\r\n\r\n<p>&nbsp;</p>\r\n\r\n<p>Cũng n&ecirc;n ki&ecirc;ng khem những thứ bạn nghĩ rằng n&oacute; ph&ugrave; hợp với phong c&aacute;ch của bạn, bởi v&igrave; n&oacute; c&oacute; thể chẳng ph&ugrave; hợp t&iacute; n&agrave;o. Nếu bạn c&oacute; phong c&aacute;ch tri thức v&agrave; sử dụng những loại nước hoa b&aacute;c học, hoặc nếu bạn rất điệu đ&agrave; v&agrave; chỉ sử dụng những loại nước hoa điệu đ&agrave; th&igrave; việc n&agrave;y sẽ giống như lắp r&aacute;p c&aacute;c con ốc của một cỗ m&aacute;y, sẽ nhanh ch&oacute;ng tạo ra rất nhiều nh&agrave;m ch&aacute;n. V&igrave; vậy, đ&ocirc;i khi kết hợp thử phong c&aacute;ch n&agrave;y với phong c&aacute;ch kia cũng sẽ tạo ra những ngạc nhi&ecirc;n th&uacute; vị. Nếu bạn l&agrave; một c&ocirc; g&aacute;i ưa hoa l&aacute;, h&atilde;y thử một loại nước hoa kh&ocirc;ng c&oacute; m&ugrave;i n&agrave;y, c&ograve;n nếu bạn l&agrave; một c&ocirc; g&aacute;i chuộng h&agrave;ng hiệu với chiếc t&uacute;i Kelly tr&ecirc;n tay v&agrave; đ&ocirc;i gi&agrave;y Manolos dưới ch&acirc;n, h&atilde;y thử thứ g&igrave; đ&oacute; kh&aacute;c hẳn đi. Nếu bạn cực kỳ nữ t&iacute;nh, h&atilde;y thử hương đ&agrave;n &ocirc;ng, c&ograve;n nếu phần nam t&iacute;nh của bạn trội hơn nữ t&iacute;nh, vậy tại sao kh&ocirc;ng thử những hương nặng về phụ nữ. Cứ thử đi, cứ kh&aacute;m ph&aacute; đi, thậm ch&iacute; h&atilde;y cứ &quot;l&aacute;o lếu&quot; đi - nước hoa m&agrave;, s&aacute;ng tạo m&agrave;.</p>\r\n\r\n<p>&nbsp;</p>\r\n\r\n<p><strong>Nước hoa 5 sao</strong></p>\r\n\r\n<p>&nbsp;</p>\r\n\r\n<p>H&atilde;y bỏ qua&nbsp;No.5 (1921) hay No. 5 Eau de Toilette (1924). H&atilde;y bỏ qua Mitsouko (1919) hay Habit Rouge (1965) của Guerlain, thậm ch&iacute; cả Opium by Yves Saint Laurent (1977), để t&igrave;m tới những c&aacute;i t&ecirc;n 5 sao trong l&agrave;ng nước hoa m&agrave; c&oacute; lẽ bạ chưa bao giờ từng được nghe một ai nhắc tới.</p>\r\n\r\n<p>&nbsp;</p>\r\n\r\n<p><strong>Nước hoa&nbsp;Badley Mischka: Hương quả nồng n&agrave;n</strong></p>\r\n\r\n<p>&nbsp;</p>\r\n\r\n<p>Điều đầu ti&ecirc;n t&ocirc;i nhận biết được về loại nước hoa n&agrave;y l&agrave; một hương hoa quả quyến rũ đến nghẹt thở. Đ&acirc;y c&oacute; thể xem l&agrave; lần thứ hai t&ocirc;i bị đo v&aacute;n bởi hương tươi trẻ, gợi nhắc m&ugrave;i hoa quả ch&iacute;n trước khi những thứ n&agrave;y trở th&agrave;nh rượu brandy. Đ&oacute; l&agrave; hương đ&agrave;o ch&iacute;n, hương xo&agrave;i ch&iacute;n, hương quả vải v&agrave; cả hương dừa ch&iacute;n. Giống như những tiếng chu&ocirc;ng v&agrave;o buổi s&aacute;ng của lễ Phục sinh, loại nước hoa n&agrave;y kh&aacute; đơn giản v&agrave; ho&agrave;n hảo. Tuy nhi&ecirc;n ở một g&oacute;c kh&aacute;c th&igrave; n&oacute; giống như một cuốn tiểu thuyết m&agrave; ở đ&oacute; nh&acirc;n vật ch&iacute;nh ph&aacute;t hiện ra bạn m&igrave;nh l&agrave; c&ocirc; g&aacute;i đẹp nhất. V&agrave; anh ta phải đối mặt với điều đ&atilde; khiến anh kh&ocirc;ng thể nhận ra được vẻ đẹp của c&ocirc; bạn g&aacute;i, đ&oacute; l&agrave; t&igrave;nh y&ecirc;u.</p>\r\n\r\n<p>&nbsp;</p>\r\n\r\n<p><strong>Nước hoa&nbsp;Beyond Paradise by Estee Lauder: Vườn hoa dịu m&aacute;t</strong></p>\r\n\r\n<p>&nbsp;</p>\r\n\r\n<p>Ấn tượng về d&ograve;ng nước hoa n&agrave;y l&agrave; một vườn hoa nhiệt đới l&yacute; tưởng. Thoạt nghe th&igrave; đơn giản, tuy vậy để tạo ấn tượng n&agrave;y chẳng dễ d&agrave;ng ch&uacute;t n&agrave;o. Những người y&ecirc;u th&iacute;ch những b&ocirc;ng hoa tr&ecirc;n b&atilde;i biển lần n&agrave;y chắc chắn c&oacute; thể thoả m&atilde;n mong đợi của m&igrave;nh.</p>\r\n\r\n<p>&nbsp;</p>\r\n\r\n<p><strong>Nước hoa&nbsp;Calyx by Prescriptives: Đo&aacute; hồng tr&ecirc;n nh&agrave;nh ổi</strong></p>\r\n\r\n<p>&nbsp;</p>\r\n\r\n<p>Calyx bảo đảm một sự c&acirc;n bằng ho&agrave;n hảo giữa c&aacute;i kh&ocirc; gi&ograve;n sạch sẽ v&agrave; c&aacute;i ngọt ng&agrave;o của hương hồng thơm. L&agrave; d&ograve;ng nước hoacủa những năm 80 nhưng Calyx c&oacute; m&ugrave;i thơm tươi m&aacute;t v&agrave; hiện đại tới kh&oacute; tin. M&ugrave;i hương n&agrave;y đ&atilde; gi&uacute;p tạo cảm hứng cho ra đời thế hệ nước hoa c&oacute; m&ugrave;i hoa quả tiếp theo. Đ&acirc;y c&oacute; thể coi như một trong số rất &iacute;t loại nước hoa bạn c&oacute; thể d&ugrave;ng suốt cả cuộc đời.</p>\r\n\r\n<p>&nbsp;</p>\r\n\r\n<p><strong>Nước hoa&nbsp;Chinatown by Bond N.Y.C N No.9 : Điệu đ&agrave; gỗ đ&agrave;n hương</strong></p>\r\n\r\n<p>&nbsp;</p>\r\n\r\n<p>Bond No.9 cuối c&ugrave;ng cũng sản xuất ra được kiệt t&aacute;c của ri&ecirc;ng m&igrave;nh. Chinatown l&agrave; một trong những d&ograve;ng nước hoa ấn tượng ngay từ c&aacute;i h&iacute;t h&agrave; đầu ti&ecirc;n.Tuy một số người thấy n&oacute; c&oacute; vẻ hơi qu&aacute; ngọt, nhưng n&oacute; quyến rũ tới mức kh&oacute; c&oacute; thể cưỡng nổi. Với bản th&acirc;n t&ocirc;i th&igrave; n&oacute; c&oacute; m&ugrave;i gần giống g&oacute;c của một cửa h&agrave;ng tạp ho&aacute; của Ph&aacute;p - nơi m&agrave; s&aacute;p ong gặp gỡ những quả đ&agrave;o ch&iacute;n. Nhận x&eacute;t cuối c&ugrave;ng: Một sản phẩm rất đ&aacute;ng bỏ tiền mua.</p>\r\n\r\n<p>&nbsp;</p>\r\n\r\n<p><strong>Nước hoa&nbsp;Lolita Lempicka by Thierry Mugler: Ti&ecirc;n Thảo</strong></p>\r\n\r\n<p>&nbsp;</p>\r\n\r\n<p>Với gần như tất cả c&aacute;c loại nước hoa của Thierry Mugler, điều đầu ti&ecirc;n bạn n&ecirc;n l&agrave;m khi h&iacute;t h&agrave; l&agrave; n&oacute;i: &quot;Xin ch&agrave;o, Ti&ecirc;n nữ&quot;. Tuy nhi&ecirc;n lần n&agrave;y kh&ocirc;ng phải vậy, nước hoa&nbsp;Lolita Lempicka vẫn giữ lại hương ngọt, nhưng đ&atilde; c&oacute; những điều chỉnh mới. Loại nước hoa n&agrave;y rất thời thựơng, v&agrave; s&agrave;nh điệu. N&oacute; cũng l&agrave; một trong những d&ograve;ng nước hoa đậm chất nữ t&iacute;nh m&agrave; những người đ&agrave;n &ocirc;ng phong c&aacute;ch c&oacute; thể d&ugrave;ng được. Th&uacute; thực l&agrave; t&ocirc;i từng ngửi thấy m&ugrave;i nước hoa&nbsp;Lolita Lempicka từ người một người đ&agrave;n &ocirc;ng tr&ecirc;n t&agrave;u điện ngầm.</p>\r\n\r\n<p>&nbsp;</p>\r\n\r\n<p><strong>Nước hoa&nbsp;Missoni: Vườn hoa đa sắc</strong></p>\r\n\r\n<p>&nbsp;</p>\r\n\r\n<p>T&ocirc;i kh&ocirc;ng d&aacute;m chắc loại nước hoa n&agrave;y c&oacute; c&ograve;n l&agrave; thứ được người ta quệt tr&ecirc;n cổ tay, hay mang tai trong 10 năm nữa kh&ocirc;ng. Nhưng với t&ocirc;i, chắc chắn n&oacute; vẫn sẽ l&agrave; thứ được y&ecirc;u th&iacute;ch tới tận cuối đời. Missoni l&agrave; một trong những nước hoa th&agrave;nh c&ocirc;ng nhất. M&ugrave;i của loại nước hoa n&agrave;y sẽ thay đổi sau khi n&oacute; kh&ocirc; đi tr&ecirc;n da. Hương thơm của n&oacute; phảng phất &aacute;nh s&aacute;ng xanh của bạc h&agrave;, kế tiếp đ&oacute; l&agrave; một hương sống động, tươi mới.</p>\r\n\r\n<p>&nbsp;</p>\r\n\r\n<p><strong>Nước hoa&nbsp;Tommy Girl by Tommy Hilfiger: Hương tr&agrave; xanh</strong></p>\r\n\r\n<p>&nbsp;</p>\r\n\r\n<p>Trong tr&iacute; nhớ của t&ocirc;i th&igrave; kh&ocirc;ng c&oacute; loại nước hoa n&agrave;o s&agrave;nh điệu lại c&oacute; gi&aacute; cả hợp l&yacute; như Tommy Girl. Nguồn gốc của loại nước hoan&agrave;y theo Calice Becker, người chịu tr&aacute;ch nhiệm tạo ra n&oacute;, l&agrave; m&ugrave;i của qu&aacute;n tr&agrave; Mariage Fr&egrave;res ở Paris. Tuy nhi&ecirc;n, tr&aacute;i với mong đợi của người tạo ra n&oacute;, một nh&agrave; thực vật học ngửi m&ugrave;i n&agrave;y đ&atilde; ph&aacute;n n&oacute; c&oacute; m&ugrave;i của rất nhiều loại hoa bản địa của Mỹ.</p>\r\n', '2021-05-01', 1, 'Quyền Lực Của Hương Thơm', 'quyen_luc_thom.jpg', '<p>Nước hoa, cũng như những g&igrave; tạo n&ecirc;n n&oacute;, lu&ocirc;n l&agrave; một ẩn số nghệ thuật đ&ograve;i hỏi ở bạn cả kiến thức lẫn sự s&aacute;ng tạo trong việc lựa chọn cũng như sử dụng ch&uacute;ng.</p>\r\n');

-- --------------------------------------------------------

--
-- Cấu trúc bảng cho bảng `donhang`
--

CREATE TABLE `donhang` (
  `idDH` int(4) NOT NULL,
  `idUser` int(4) DEFAULT 0,
  `ThoiDiemDatHang` datetime DEFAULT NULL,
  `TenNguoiNhan` varchar(100) NOT NULL DEFAULT '',
  `DiaChi` varchar(255) NOT NULL,
  `SDT` varchar(12) NOT NULL,
  `TongTien` float DEFAULT NULL,
  `idPTGH` varchar(20) DEFAULT '1',
  `Tax` float DEFAULT 0.1,
  `DaXuLy` tinyint(1) DEFAULT 0,
  `Email` varchar(50) DEFAULT ''
) ENGINE=MyISAM DEFAULT CHARSET=utf8;

--
-- Đang đổ dữ liệu cho bảng `donhang`
--

INSERT INTO `donhang` (`idDH`, `idUser`, `ThoiDiemDatHang`, `TenNguoiNhan`, `DiaChi`, `SDT`, `TongTien`, `idPTGH`, `Tax`, `DaXuLy`, `Email`) VALUES
(5, 9, '2021-04-21 03:05:54', 'Nguyễn Thị Thảo', 'TPHCM', '0746354658', 0, '4', 0, 1, 'nguyenthao@gmail.com'),
(6, 2, '2021-05-05 10:05:10', 'Nguyễn Thị Yến Nhi', 'Bến Tre', '01623589456', 0, '4', 0, 1, 'nhi@gmail.com'),
(8, 1, '2021-05-10 21:05:49', 'PERFUME STORE', '40 Lưu Văn Việt, P.2, Tp.Vĩnh Long, Vĩnh Long', '0848433319', 0, '3', 0, 4, 'perfumestore@gmail.com'),
(11, 1, '2021-05-12 08:05:18', 'PERFUME STORE', '40 Lưu Văn Việt, P.2, Tp.Vĩnh Long, Vĩnh Long', '0848433319', 0, '3', 0, 2, 'perfumestore@gmail.com'),
(13, 11, '2021-05-26 18:05:43', 'Võ Hoàng Khang Huy', 'Trà Vinh', '0123456789', 0, '4', 0, 1, 'huy@gmail.com'),
(14, 2, '2021-06-01 22:06:36', 'Nguyễn Thị Tiểu Lan', 'Vĩnh Long', '0923443092', 0, '4', 0, 1, 'lanntt@gmail.com');

-- --------------------------------------------------------

--
-- Cấu trúc bảng cho bảng `donhangchitiet`
--

CREATE TABLE `donhangchitiet` (
  `idDH` int(4) NOT NULL DEFAULT 0,
  `idSP` int(4) NOT NULL DEFAULT 0,
  `TenSP` varchar(255) NOT NULL,
  `SoLuong` int(4) UNSIGNED NOT NULL DEFAULT 0,
  `DaXuLy` tinyint(1) UNSIGNED DEFAULT 0,
  `Gia` int(11) NOT NULL DEFAULT 0,
  `GiaKhuyenMai` float UNSIGNED NOT NULL
) ENGINE=MyISAM DEFAULT CHARSET=utf8;

--
-- Đang đổ dữ liệu cho bảng `donhangchitiet`
--

INSERT INTO `donhangchitiet` (`idDH`, `idSP`, `TenSP`, `SoLuong`, `DaXuLy`, `Gia`, `GiaKhuyenMai`) VALUES
(13, 12, 'Scuderia Ferrari Racing Red Men', 1, 1, 1250000, 50000),
(8, 8, 'Dior Eau Sauvage Men(Tester)', 3, 4, 1650000, 150000),
(11, 5, 'Chanel Allure Homme Sport Eau Extreme Men', 1, 1, 2855000, 0),
(5, 4, 'Chanel Bleu De Chanel Eau De Parfum Men', 1, 1, 3835000, 0),
(5, 5, 'Chanel Allure Homme Sport Eau Extreme Men', 1, 1, 2855000, 0),
(10, 48, 'Nước Hoa Chanel Nam Allure Homme Sport EDT', 5, 4, 2150000, 0),
(6, 2, 'Calvin Klein Euphoria Blossom Women', 1, 1, 1755000, 50000),
(14, 43, 'Dior Homme Intense', 1, 1, 3450000, 0);

-- --------------------------------------------------------

--
-- Cấu trúc bảng cho bảng `khuyenmai`
--

CREATE TABLE `khuyenmai` (
  `idKM` int(11) NOT NULL,
  `MotaKM` varchar(200) COLLATE utf8_unicode_ci DEFAULT NULL,
  `urlHinh` text COLLATE utf8_unicode_ci DEFAULT NULL,
  `AnHien` tinyint(4) DEFAULT NULL
) ENGINE=InnoDB DEFAULT CHARSET=utf8 COLLATE=utf8_unicode_ci;

--
-- Đang đổ dữ liệu cho bảng `khuyenmai`
--

INSERT INTO `khuyenmai` (`idKM`, `MotaKM`, `urlHinh`, `AnHien`) VALUES
(1, 'Khuyến mãi 30/4', 'holiday_sale_hp.gif', 1),
(4, 'Mừng 8/3 Giảm 50% tất cả các sản phẩm', '5018.jpg', 0);

-- --------------------------------------------------------

--
-- Cấu trúc bảng cho bảng `loaisp`
--

CREATE TABLE `loaisp` (
  `idL` int(12) NOT NULL,
  `TenL` varchar(100) NOT NULL DEFAULT '',
  `ThuTu` int(4) NOT NULL DEFAULT 1,
  `AnHien` tinyint(1) NOT NULL DEFAULT 1
) ENGINE=MyISAM DEFAULT CHARSET=utf8;

--
-- Đang đổ dữ liệu cho bảng `loaisp`
--

INSERT INTO `loaisp` (`idL`, `TenL`, `ThuTu`, `AnHien`) VALUES
(5, 'Nước hoa nam', 1, 1),
(2, 'Nước hoa nữ', 2, 1),
(3, 'Nước hoa unisex', 3, 1),
(4, 'Nước hoa bộ', 4, 1),
(1, 'Khác', 5, 1);

-- --------------------------------------------------------

--
-- Cấu trúc bảng cho bảng `nhanhieu`
--

CREATE TABLE `nhanhieu` (
  `idNH` int(12) NOT NULL,
  `idL` int(12) NOT NULL DEFAULT 1,
  `TenNH` varchar(100) NOT NULL DEFAULT '',
  `ThuTu` int(4) NOT NULL DEFAULT 1,
  `AnHien` int(1) NOT NULL DEFAULT 1
) ENGINE=MyISAM DEFAULT CHARSET=utf8;

--
-- Đang đổ dữ liệu cho bảng `nhanhieu`
--

INSERT INTO `nhanhieu` (`idNH`, `idL`, `TenNH`, `ThuTu`, `AnHien`) VALUES
(20, 4, 'Prada', 1, 1),
(2, 4, 'Swarovski', 1, 1),
(3, 4, 'Thirerry', 1, 1),
(4, 4, 'Hermes', 1, 1),
(5, 3, 'Giorgio Armani', 1, 1),
(6, 3, 'DipTyque', 1, 1),
(7, 3, 'Carolina Herrera 212', 1, 1),
(8, 1, 'Penhaligoun\'s Portraits', 1, 1),
(9, 1, 'Gucci', 1, 1),
(10, 5, 'Chanel ', 1, 1),
(11, 1, 'Dior', 1, 1),
(12, 1, 'Ferrari ', 1, 1),
(13, 1, 'Givenchuy', 1, 1),
(14, 2, 'Fendi ', 1, 1),
(15, 2, 'Joop', 1, 1),
(16, 2, 'Lanvin ', 1, 1),
(17, 2, 'Louis Vuitton', 1, 1),
(18, 2, 'Calvin Klein', 1, 1),
(19, 2, 'Elie Saab', 1, 1),
(1, 1, 'Khác', 1, 1),
(22, 5, 'Tom Ford', 1, 1),
(21, 5, 'Charme', 1, 1);

-- --------------------------------------------------------

--
-- Cấu trúc bảng cho bảng `phuongthucgiaohang`
--

CREATE TABLE `phuongthucgiaohang` (
  `idGH` int(11) NOT NULL,
  `TenGH` varchar(20) COLLATE utf8_unicode_ci NOT NULL,
  `Phi` int(16) NOT NULL DEFAULT 0,
  `AnHien` tinyint(2) NOT NULL DEFAULT 1
) ENGINE=MyISAM DEFAULT CHARSET=utf8 COLLATE=utf8_unicode_ci;

--
-- Đang đổ dữ liệu cho bảng `phuongthucgiaohang`
--

INSERT INTO `phuongthucgiaohang` (`idGH`, `TenGH`, `Phi`, `AnHien`) VALUES
(1, 'Giao hàng nhanh', 0, 1),
(2, 'VNpost – EMS', 0, 1),
(3, 'Viettel post', 0, 1),
(4, 'Giao hàng tiết kiệm', 0, 1);

-- --------------------------------------------------------

--
-- Cấu trúc bảng cho bảng `phuongthucthanhtoan`
--

CREATE TABLE `phuongthucthanhtoan` (
  `idPTTT` int(2) NOT NULL,
  `TenPhuongThucTT` varchar(30) COLLATE utf8_unicode_ci NOT NULL,
  `GhiChu` varchar(50) COLLATE utf8_unicode_ci NOT NULL,
  `AnHien` tinyint(2) NOT NULL
) ENGINE=InnoDB DEFAULT CHARSET=utf8 COLLATE=utf8_unicode_ci;

--
-- Đang đổ dữ liệu cho bảng `phuongthucthanhtoan`
--

INSERT INTO `phuongthucthanhtoan` (`idPTTT`, `TenPhuongThucTT`, `GhiChu`, `AnHien`) VALUES
(1, 'Nhận trực tiếp', 'Được kiểm tra hàng', 1),
(2, 'Thanh toán qua ví', 'Được kiểm tra hàng', 1);

-- --------------------------------------------------------

--
-- Cấu trúc bảng cho bảng `sanpham`
--

CREATE TABLE `sanpham` (
  `idSP` int(12) NOT NULL,
  `idNH` int(12) NOT NULL DEFAULT 1,
  `idL` int(9) NOT NULL DEFAULT 1,
  `TenSP` varchar(100) NOT NULL DEFAULT '',
  `MoTa` varchar(4000) NOT NULL DEFAULT 'Chưa có mô tả',
  `NgayCapNhat` date NOT NULL DEFAULT '2017-01-12',
  `GiaBan` float UNSIGNED NOT NULL DEFAULT 0,
  `GiaKhuyenmai` int(11) UNSIGNED NOT NULL DEFAULT 0,
  `urlHinh` varchar(255) NOT NULL,
  `baiviet` text DEFAULT NULL,
  `SoLanXem` int(4) DEFAULT 0,
  `SoLuongTonKho` int(4) UNSIGNED DEFAULT 0,
  `GhiChu` varchar(255) DEFAULT NULL,
  `SoLanMua` int(4) DEFAULT 0,
  `AnHien` int(1) DEFAULT 1
) ENGINE=MyISAM DEFAULT CHARSET=utf8;

--
-- Đang đổ dữ liệu cho bảng `sanpham`
--

INSERT INTO `sanpham` (`idSP`, `idNH`, `idL`, `TenSP`, `MoTa`, `NgayCapNhat`, `GiaBan`, `GiaKhuyenmai`, `urlHinh`, `baiviet`, `SoLanXem`, `SoLuongTonKho`, `GhiChu`, `SoLanMua`, `AnHien`) VALUES
(1, 1, 2, 'Nước hoa Flower by Kenzo EDP 100ml', '<p><a href=\"https://vuahanghieu.com/nuoc-hoa-flower-by-kenzo-edp-100ml-ph007024\"><strong>Nước hoa Flower by Kenzo EDP 100ml</strong></a>&nbsp;l&agrave; chai nước hoa Ph&aacute;p nữ được giới thiệu v&agrave;o năm 2000 thuộc&nbsp;<a href=\"https://vuahanghieu.com/nuoc-hoa/oriental-floral-hoa-co-phuong-dong\">nh&oacute;m hương hoa cỏ phương Đ&ocirc;ng</a>.&nbsp;<a href=\"https://vuahanghieu.com/nuoc-hoa/floral-tong-hoa\">Hương hoa</a>&nbsp;n&agrave;y được x&acirc;y dựng tr&ecirc;n 3 loại hương cơ bản l&agrave; hoa hồng, hoa nh&agrave;i v&agrave; xạ hương.</p>\r\n', '2021-05-12', 1500000, 1150000, 'Nước hoa Flower by Kenzo EDP 100ml.jpg', NULL, 0, 0, '', 0, 0),
(2, 18, 2, 'Calvin Klein Euphoria Blossom Women', '<p><img src=\"http://perfume168.com/Images/ImageSource/checkicon.jpg\" />&nbsp;Nh&atilde;n hiệu:&nbsp;<a href=\"http://perfume168.com/nuoc-hoa-calvin-klein-117-83-0-/2/1\">Nước hoa Calvin Klein</a></p>\r\n\r\n<p><img src=\"http://perfume168.com/Images/ImageSource/checkicon.jpg\" />&nbsp;Xuất xứ: Mỹ &amp; Ph&aacute;p</p>\r\n\r\n<p>M&ugrave;i hương đặc trưng</p>\r\n\r\n<ul>\r\n	<li>Hương đầu: quả lựu, quả quất v&agrave;ng</li>\r\n	<li>Hương giữa: hoa phong lan, hoa mẫu đơn hồng, hoa sen</li>\r\n	<li>Hương cuối: xạ hương, hương gỗ, hổ ph&aacute;ch trắng</li>\r\n</ul>\r\n\r\n<p>Phong c&aacute;ch: thanh lịch, tinh tế, nữ t&iacute;nh</p>\r\n\r\n<p>Lấy cảm hứng từ m&ugrave;i hương tinh tế của một nụ hoa đang h&eacute; nở,&nbsp;<strong>Euphoria Blossom</strong>&nbsp;mang m&ugrave;i hương thảo dược tươi m&aacute;t v&agrave; nồng n&agrave;n, đ&aacute;nh thức mọi gi&aacute;c quan với hương thơm quyến rũ đầy huyền b&iacute;.</p>\r\n', '2021-05-01', 1755000, 1450000, 'Calvin Klein Endless Euphoria Women 125ml_2.PNG', NULL, 20, 50, '', 10, 1),
(3, 18, 2, 'Calvin Klein Eternity For Men', '<p><img src=\"http://perfume168.com/Images/ImageSource/checkicon.jpg\" />&nbsp;Nh&atilde;n hiệu:&nbsp;<a href=\"http://perfume168.com/nuoc-hoa-calvin-klein-117-83-0-/2/1\">Nước hoa Calvin Klein</a></p>\r\n\r\n<p><img src=\"http://perfume168.com/Images/ImageSource/checkicon.jpg\" />&nbsp;Xuất xứ: Mỹ &amp; Ph&aacute;p</p>\r\n\r\n<p><strong>Nh&oacute;m nước hoa:</strong>&nbsp;Hương hoa cỏ tr&aacute;i c&acirc;y</p>\r\n\r\n<p><strong>Độ lưu hương:</strong>&nbsp;Tạm ổn - 3 giờ đến 6 giờ</p>\r\n\r\n<p><strong>Độ toả hương:</strong>&nbsp;Gần - Toả hương trong v&ograve;ng một c&aacute;nh tay</p>\r\n\r\n<p><strong>Thời điểm khuy&ecirc;n d&ugrave;ng:</strong>&nbsp;Ng&agrave;y, Đ&ecirc;m, Xu&acirc;n</p>\r\n\r\n<p><strong>Phong c&aacute;ch:</strong>&nbsp;Quyến rũ, thu h&uacute;t, nữ t&iacute;nh</p>\r\n\r\n<p><strong>Hương đầu:</strong>&nbsp;Quả qu&yacute;t hồng, Cam Bergamot, Hoa anh đ&agrave;o</p>\r\n\r\n<p><strong>Hương giữa:</strong>&nbsp;Hoa hồng, Hoa t&iacute;m, Hoa tử đinh hương trắng</p>\r\n\r\n<p><strong>Hương cuối:</strong>&nbsp;Xạ hương, Tre, Gỗ đ&agrave;n hương</p>\r\n\r\n<p><strong>Tổng quan:</strong>&nbsp;Th&iacute;ch hợp d&ugrave;ng cho ban ng&agrave;y, v&agrave;o m&ugrave;a xu&acirc;n v&igrave; hương thơm đầy tươi tắn, tự nhi&ecirc;n chứa đựng b&ecirc;n trong n&oacute;. Chỉ cần phối hợp với một bộ c&aacute;nh th&iacute;ch hợp, th&igrave; hương nước hoa n&agrave;y chắc chắn sẽ biến bạn th&agrave;nh một thỏi nam ch&acirc;m thu h&uacute;t những &aacute;nh nh&igrave;n ngưỡng mộ cũng như những lời khen kh&ocirc;ng ngớt từ mọi người.</p>\r\n', '2021-05-01', 1250000, 0, 'Calvin-Klein-Eternity-Men-1.jpg', NULL, 7, 10, '', 6, 1),
(4, 10, 1, 'Chanel Bleu De Chanel Eau De Parfum Men', '<p><img src=\"http://perfume168.com/Images/ImageSource/checkicon.jpg\" />&nbsp;Nh&atilde;n hiệu:&nbsp;<a href=\"http://perfume168.com/nuoc-hoa-chanel-120-82-0-/2/1\">Nước hoa Chanel</a></p>\r\n\r\n<p><img src=\"http://perfume168.com/Images/ImageSource/checkicon.jpg\" />&nbsp;Xuất xứ: Ph&aacute;p</p>\r\n\r\n<p><strong>Nh&oacute;m nước hoa:</strong>&nbsp;Hương gỗ thơm</p>\r\n\r\n<p><strong>Độ lưu hương:</strong>&nbsp;Rất l&acirc;u - Tr&ecirc;n 12 giờ</p>\r\n\r\n<p><strong>Độ toả hương:</strong>&nbsp;Gần - Toả hương trong v&ograve;ng một c&aacute;nh tay</p>\r\n\r\n<p><strong>Thời điểm khuy&ecirc;n d&ugrave;ng:</strong>&nbsp;Ng&agrave;y, Đ&ecirc;m, Xu&acirc;n, Hạ, Thu, Đ&ocirc;ng</p>\r\n\r\n<p><strong>Phong c&aacute;ch:</strong>&nbsp;Mạnh mẽ, nam t&iacute;nh, quyến rũ</p>\r\n\r\n<p><strong>Hương ch&iacute;nh:</strong>&nbsp;Hương Labdanum, Nhục đậu khấu, Gừng, C&acirc;y hoắc hương, Gỗ đ&agrave;n hương, Cỏ hương b&agrave;i, Hương gỗ, C&acirc;y bạc h&agrave;,&nbsp;Hoa nh&agrave;i, Quả bưởi,&nbsp;Quả chanh v&agrave;ng, Nhang (Hương), Hồng ti&ecirc;u,&nbsp;Gỗ tuyết t&ugrave;ng, Hổ ph&aacute;ch.</p>\r\n\r\n<p><strong>Tổng quan:</strong>&nbsp;<strong><a href=\"http://perfume168.com/nuoc-hoa/12321chanel-bleu-de-chanel-eau-de-parfum-1095\">Bleu de Chanel</a>&nbsp;Eau De Parfum</strong>&nbsp;được đ&aacute;nh gi&aacute; l&agrave; một m&ugrave;i hương nam t&iacute;nh cho ph&aacute;i mạnh với kh&aacute; nhiều điểm tốt. Với độ lưu hương l&acirc;u v&agrave; độ tỏa hương vừa phải, đ&acirc;y l&agrave; một lựa chọn tuyệt vời để sử dụng mỗi ng&agrave;y trong tất cả c&aacute;c m&ugrave;a trong năm. Ngo&agrave;i ra, m&ugrave;i hương n&agrave;y c&oacute; thể sử dụng được trong nhiều trường hợp, từ đi l&agrave;m đến d&ugrave;ng trong l&uacute;c đi chơi, dạo phố hay clubbing đều tuyệt vời.</p>\r\n', '2021-05-01', 3835000, 3050000, 'Chanel Bleu De Chanel Eau De Parfum Men_1.PNG', NULL, 10, 8, '', 5, 1),
(5, 10, 1, 'Chanel Allure Homme Sport Eau Extreme Men', '<p><img src=\"http://perfume168.com/Images/ImageSource/checkicon.jpg\" />&nbsp;Nh&atilde;n hiệu:&nbsp;<a href=\"http://perfume168.com/nuoc-hoa-chanel-120-82-0-/2/1\">Nước hoa Chanel</a></p>\r\n\r\n<p><img src=\"http://perfume168.com/Images/ImageSource/checkicon.jpg\" />&nbsp;Xuất xứ: Ph&aacute;p</p>\r\n\r\n<p><strong>Nh&oacute;m nước hoa:</strong>&nbsp;Hương gỗ thơm</p>\r\n\r\n<p><strong>Độ lưu hương:</strong>&nbsp;L&acirc;u - 7 giờ đến 12 giờ</p>\r\n\r\n<p><strong>Độ toả hương:</strong>&nbsp;Xa - Toả hương trong v&ograve;ng b&aacute;n k&iacute;nh 2 m&eacute;t</p>\r\n\r\n<p><strong>Thời điểm khuy&ecirc;n d&ugrave;ng:</strong>&nbsp;Ng&agrave;y, Đ&ecirc;m, Xu&acirc;n, Hạ, Thu</p>\r\n\r\n<p><strong>Phong c&aacute;ch:</strong>&nbsp;HIện đại, nam t&iacute;nh, mạnh mẽ</p>\r\n\r\n<p><strong>Hương đầu:</strong>&nbsp;C&acirc;y x&ocirc; thơm, C&acirc;y bạc h&agrave;, Quả qu&yacute;t hồng,&nbsp;C&acirc;y b&aacute;ch</p>\r\n\r\n<p><strong>Hương giữa:</strong>&nbsp;Ti&ecirc;u</p>\r\n\r\n<p><strong>Hương cuối:</strong>&nbsp;Xạ hương, Gỗ tuyết t&ugrave;ng, Gỗ đ&agrave;n hương,&nbsp;Đậu Tonka</p>\r\n\r\n<p><strong>Tổng quan:</strong>&nbsp;Một loại hương đa dụng, c&oacute; thể sử dụng tốt cả ng&agrave;y lẫn đ&ecirc;m v&agrave; v&agrave;o tất cả c&aacute;c m&ugrave;a trong năm, đặc biệt l&agrave; m&ugrave;a xu&acirc;n, Th&iacute;ch hợp với những chuyến du xu&acirc;n, hoặc đi ăn trưa c&ugrave;ng bạn b&egrave;.</p>\r\n', '2021-05-01', 2855000, 3050000, 'Chanel Allure Homme Sport Eau Extreme Men_1.PNG', NULL, 10, 14, '', 5, 1),
(7, 11, 1, 'Dior Eau Sauvage Parfum Men', '<p><img src=\"http://perfume168.com/Images/ImageSource/checkicon.jpg\" />&nbsp;Nh&atilde;n hiệu:&nbsp;<a href=\"http://perfume168.com/nuoc-hoa-dior-134-82-0-/2/1\">Nước hoa Dior</a></p>\r\n\r\n<p><img src=\"http://perfume168.com/Images/ImageSource/checkicon.jpg\" />&nbsp;Xuất xứ: Ph&aacute;p</p>\r\n', '2021-05-06', 1650000, 0, 'Dior Eau Sauvage Parfum Men_1.PNG', NULL, 0, 20, '', 0, 0),
(8, 11, 1, 'Dior Eau Sauvage Men(Tester)', '<p><img src=\"http://perfume168.com/Images/ImageSource/checkicon.jpg\" />&nbsp;Nh&atilde;n hiệu:&nbsp;<a href=\"http://perfume168.com/nuoc-hoa-dior-134-82-0-/2/1\">Nước hoa Dior</a></p>\r\n', '2021-05-01', 1650000, 0, 'Dior Eau Sauvage Men(Tester)_1.PNG', NULL, 0, 11, '', 0, 1),
(9, 6, 3, 'Diptyque Tam Dao Eau De Parfum', '<p><img src=\"http://perfume168.com/Images/ImageSource/checkicon.jpg\" />&nbsp;Nh&atilde;n hiệu:&nbsp;<a href=\"http://perfume168.com/nuoc-hoa-diptyque-1145-86-0-/2/1\">Nước Hoa Diptyque</a></p>\r\n\r\n<p><img src=\"http://perfume168.com/Images/ImageSource/checkicon.jpg\" />&nbsp;Xuất xứ: Ph&aacute;p</p>\r\n\r\n<p><strong>Nh&oacute;m nước hoa:</strong>&nbsp;Hương hoa cỏ Gỗ - Xạ hương</p>\r\n\r\n<p><strong>Độ lưu hương:</strong>&nbsp;Tạm ổn - 3 giờ đến 6 giờ</p>\r\n\r\n<p><strong>Độ toả hương:</strong>&nbsp;Gần - Toả hương trong v&ograve;ng một c&aacute;nh tay</p>\r\n\r\n<p><strong>Thời điểm khuy&ecirc;n d&ugrave;ng:</strong>&nbsp;Ng&agrave;y, Đ&ecirc;m, Thu, Đ&ocirc;ng</p>\r\n\r\n<p><strong>Phong c&aacute;ch:</strong>&nbsp;Quyến rũ, gợi cảm, tinh tế</p>\r\n\r\n<p><strong>Hương đầu:</strong>&nbsp;Hoa hồng, Hoa sim, C&acirc;y b&aacute;ch &Yacute;</p>\r\n\r\n<p><strong>Hương giữa:</strong>&nbsp;Gỗ đ&agrave;n hương, Gỗ tuyết t&ugrave;ng</p>\r\n\r\n<p><strong>Hương cuối:</strong>&nbsp;Gia vị, Hổ ph&aacute;ch, Xạ hương trắng, Gỗ cẩm lai Brazil</p>\r\n\r\n<p><strong>Tổng quan:</strong>&nbsp;Đ&acirc;y l&agrave; một hương thơm kh&aacute; đa dụng, c&oacute; thể sử dụng tốt cho cả ng&agrave;y lẫn đ&ecirc;m, Độ tỏa hương l&yacute; tưởng cho hai m&ugrave;a thu, đ&ocirc;ng v&agrave; đ&ocirc;i khi l&agrave; m&ugrave;a xu&acirc;n. Th&iacute;ch hợp kể cả khi đi l&agrave;m hoặc đi chơi.</p>\r\n', '2021-05-01', 3650000, 0, 'Diptyque Tam Dao Eau De Parfum_1.PNG', NULL, 0, 5, '', 13, 1),
(10, 19, 2, 'Elie Saab Le Parfum Women', '<p><img src=\"http://perfume168.com/Images/ImageSource/checkicon.jpg\" />&nbsp;Nh&atilde;n hiệu:&nbsp;<a href=\"http://perfume168.com/nuoc-hoa-elie-saab-138-83-0-/2/1\">Nước hoa Elie Saab</a></p>\r\n\r\n<p><img src=\"http://perfume168.com/Images/ImageSource/checkicon.jpg\" />&nbsp;Xuất xứ: Ph&aacute;p</p>\r\n\r\n<p>M&ugrave;i hương đặc trưng:</p>\r\n\r\n<ol>\r\n	<li>Hương đầu: hoa cam</li>\r\n	<li>Hương giữa: hoa nh&agrave;i</li>\r\n	<li>Hương cuối: hoắc hương, tuyết t&ugrave;ng, hoa hồng, mật ong</li>\r\n</ol>\r\n\r\n<p>Nh&oacute;m hương: Floral<br />\r\nPhong c&aacute;ch: Nữ t&iacute;nh, dịu d&agrave;ng, thuần khiết</p>\r\n\r\n<p>Hương thơm đầu ti&ecirc;n của thương hiệu thời trang cao cấp Lebanon mang t&ecirc;n gọi&nbsp;<strong><a href=\"http://perfume168.com/nuoc-hoa/elie-saab-le-parfum-women-2056\">Elie Saab Le Parfum</a>.&nbsp;</strong>C&aacute;c th&agrave;nh phần từ&nbsp;hoa cam, hoa hồng v&agrave; mật ong ch&iacute;nh l&agrave; hạt nh&acirc;n đ&atilde; tạo n&ecirc;n m&ugrave;i hương dịu d&agrave;ng, lắng đọng cho chai nước hoa n&agrave;y.<strong>&nbsp;</strong><strong>Le Parfum</strong>&nbsp;được nh&agrave; sản xuất c&ocirc;ng bố l&agrave; cực kỳ gợi cảm v&agrave; duy&ecirc;n d&aacute;ng.&nbsp;L&agrave;n hương mở đầu&nbsp;l&agrave; sự thơm m&aacute;t của hoa cam, kế đ&ecirc;n l&agrave; hương nh&agrave;i quyến rũ. Kết th&uacute;c đầy đam m&ecirc; v&agrave; thuần khiết với sự c&oacute; mặt&nbsp;hoa hồng, mật ong ngọt ng&agrave;o hương thơm nồng ấm của của gỗ tuyết t&ugrave;ng v&agrave; hoắc hương.</p>\r\n', '2021-05-01', 1850000, 0, 'Elie Saab Le Parfum Women_1.PNG', NULL, 0, 5, '', 0, 1),
(11, 19, 2, 'Elie Saab Rose Couture', '<p><img src=\"http://perfume168.com/Images/ImageSource/checkicon.jpg\" />&nbsp;Nh&atilde;n hiệu:&nbsp;<a href=\"http://perfume168.com/nuoc-hoa-elie-saab-138-83-0-/2/1\">Nước hoa Elie Saab</a></p>\r\n\r\n<p><img src=\"http://perfume168.com/Images/ImageSource/checkicon.jpg\" />&nbsp;Xuất xứ: Ph&aacute;p</p>\r\n', '2021-05-01', 2650000, 0, 'Elie Saab Rose Couture_1.PNG', NULL, 0, 40, '', 0, 1),
(12, 12, 1, 'Scuderia Ferrari Racing Red Men', '<p><img src=\"http://perfume168.com/Images/ImageSource/checkicon.jpg\" />&nbsp;Nh&atilde;n hiệu:&nbsp;<a href=\"http://perfume168.com/nuoc-hoa-ferrari-145-82-0-/2/1\">Nước hoa Ferrari</a></p>\r\n\r\n<p><img src=\"http://perfume168.com/Images/ImageSource/checkicon.jpg\" />&nbsp;Xuất xứ: Italy</p>\r\n\r\n<p><strong>Nh&oacute;m nước hoa: Hương gỗ</strong></p>\r\n\r\n<p><strong>Độ lưu hương:</strong>&nbsp;Rất l&acirc;u - Tr&ecirc;n 8 giờ</p>\r\n\r\n<p><strong>Độ toả hương:</strong>&nbsp;Gần - Toả hương trong v&ograve;ng một c&aacute;nh tay</p>\r\n\r\n<p><strong>Thời điểm khuy&ecirc;n d&ugrave;ng:</strong>&nbsp;Ng&agrave;y, Đ&ecirc;m, Xu&acirc;n, Thu</p>\r\n\r\n<p><strong>Phong c&aacute;ch:</strong>&nbsp;Mạnh mẽ, c&aacute; t&iacute;nh</p>\r\n\r\n<p><strong>Hương đầu:</strong>&nbsp;Quả chanh xanh, Ti&ecirc;u, Ngải.</p>\r\n\r\n<p><strong>Hương giữa:</strong>&nbsp;Hoa Oải Hương, C&acirc;y đơn s&acirc;m, Hương kim loại.</p>\r\n\r\n<p><strong>Hương cuối:</strong>&nbsp;Gỗ tuyết t&ugrave;ng, Đậu Tonka, Da thuộc.</p>\r\n\r\n<p><a href=\"http://perfume168.com/nuoc-hoa-nam-182-82-0-/0/1\">Perfume168 - Nước hoa nam Scuderia Ferrari Racing Red</a>&nbsp;</p>\r\n\r\n<p>Scuderia Ferrari Racing Red bởi&nbsp;<a href=\"http://perfume168.com/nuoc-hoa-ferrari-145-82-0-/2/1\">Ferrari</a>&nbsp;với hương thơm gỗ (Woody) đặt trưng cho nam giới. Scuderia Ferrari Racing Red được đưa ra v&agrave;o năm 2013.</p>\r\n', '2021-05-01', 1250000, 0, 'Scuderia Ferrari Racing Red Men_1.PNG', NULL, 0, 8, '', 1, 1),
(13, 12, 1, 'Ferrari Black Men', '<p><img src=\"http://perfume168.com/Images/ImageSource/checkicon.jpg\" />&nbsp;Nh&atilde;n hiệu:&nbsp;<a href=\"http://perfume168.com/nuoc-hoa-ferrari-145-82-0-/2/1\">Nước hoa Ferrari</a></p>\r\n\r\n<p><img src=\"http://perfume168.com/Images/ImageSource/checkicon.jpg\" />&nbsp;Xuất xứ: Italy</p>\r\n\r\n<p><strong>Nh&oacute;m nước hoa:</strong>&nbsp;Hương thơm dương xỉ</p>\r\n\r\n<p><strong>Độ lưu hương:</strong>&nbsp;Tạm ổn - 3 giờ đến 6 giờ</p>\r\n\r\n<p><strong>Độ toả hương:</strong>&nbsp;Gần - Toả hương trong v&ograve;ng một c&aacute;nh tay</p>\r\n\r\n<p><strong>Thời điểm khuy&ecirc;n d&ugrave;ng:</strong>&nbsp;Ng&agrave;y, Đ&ecirc;m, Xu&acirc;n, Thu</p>\r\n\r\n<p><strong>Phong c&aacute;ch:</strong>&nbsp;Nam t&iacute;nh, thể thao, lịch l&atilde;m</p>\r\n\r\n<p><strong>Hương đầu:</strong>&nbsp;Quả mận, Quả chanh xanh, Cam Bergamot, T&aacute;o đỏ.</p>\r\n\r\n<p><strong>Hương giữa:</strong>&nbsp;Quế, Hoa nh&agrave;i, Hoa hồng, Bạch đậu khấu.</p>\r\n\r\n<p><strong>Hương cuối:</strong>&nbsp;Hổ ph&aacute;ch, Hương Va ni, Xạ hương, Gỗ tuyết t&ugrave;ng</p>\r\n\r\n<p><strong>Tổng quan:</strong>&nbsp;Th&iacute;ch hợp d&ugrave;ng cho cả ban ng&agrave;y v&agrave; ban đ&ecirc;m, v&agrave;o m&ugrave;a xu&acirc;n, thu. Hương thơm chắc chăn sẽ thu h&uacute;t được sự ch&uacute; &yacute; cho d&ugrave; bạn đang ở đ&acirc;u.</p>\r\n', '2021-05-01', 1250000, 0, 'Ferrari Black Men_1.PNG', NULL, 0, 15, '', 0, 1),
(14, 12, 1, 'Ferrari Uomo Men', '<p><img src=\"http://perfume168.com/Images/ImageSource/checkicon.jpg\" />&nbsp;Nh&atilde;n hiệu:&nbsp;<a href=\"http://perfume168.com/nuoc-hoa-ferrari-145-82-0-/2/1\">Nước hoa Ferrari</a></p>\r\n\r\n<p><img src=\"http://perfume168.com/Images/ImageSource/checkicon.jpg\" />&nbsp;Xuất xứ: Italy</p>\r\n\r\n<p><strong>Hương đầu:</strong>&nbsp;Quả chanh v&agrave;ng Amalfi, Cam Bergamot, C&acirc;y b&aacute;ch x&ugrave;.</p>\r\n\r\n<p><strong>Hương giữa:</strong>&nbsp;Da thuộc, Nhục đậu khấu, Gỗ tuyết t&ugrave;ng Virginia.</p>\r\n\r\n<p><strong>Hương cuối:</strong>&nbsp;Hương Labdanum Ph&aacute;p, Đậu Tonka, C&acirc;y hoắc hương.</p>\r\n\r\n<p><strong>Nh&oacute;m nước hoa:</strong>&nbsp;Hương gỗ cay nồng</p>\r\n\r\n<p>&nbsp;</p>\r\n\r\n<p><strong>Độ tuổi khuy&ecirc;n d&ugrave;ng:</strong>&nbsp;Tr&ecirc;n 25</p>\r\n\r\n<p><strong>Năm ra mắt:</strong>&nbsp;2009</p>\r\n\r\n<p><strong>Nồng độ:</strong>&nbsp;EDT</p>\r\n\r\n<p><strong>Độ lưu hương:</strong>&nbsp;hơn 6 giờ</p>\r\n\r\n<p><strong>Độ toả hương:</strong>&nbsp;Gần - Toả hương trong v&ograve;ng một c&aacute;nh tay</p>\r\n\r\n<p><strong>Thời điểm khuy&ecirc;n d&ugrave;ng:</strong>&nbsp;kh&ocirc;ng giới hạn</p>\r\n\r\n<p><strong>Phong c&aacute;ch:</strong>&nbsp;Nam t&iacute;nh, lịch l&atilde;m</p>\r\n', '2021-04-30', 1250000, 0, 'Ferrari Uomo Men_1.PNG', NULL, 0, 30, '', 0, 1),
(15, 5, 3, 'Armani Prive Vert Malachite For men & women', '<p><img src=\"http://perfume168.com/Images/ImageSource/checkicon.jpg\" />&nbsp;Nh&atilde;n hiệu:&nbsp;<a href=\"http://perfume168.com/nuoc-hoa-giorgio-armani-146-86-0-/2/1\">Nước hoa Giorgio Armani</a></p>\r\n\r\n<p><img src=\"http://perfume168.com/Images/ImageSource/checkicon.jpg\" />&nbsp;Xuất xứ: Ph&aacute;p</p>\r\n\r\n<p><strong>Độ lưu hương:</strong>&nbsp;Rất l&acirc;u - Tr&ecirc;n 12 giờ</p>\r\n\r\n<p><strong>Độ toả hương:</strong>&nbsp;Rất xa - Toả hương trong v&ograve;ng b&aacute;n k&iacute;nh tr&ecirc;n 2 m&eacute;t</p>\r\n\r\n<p><strong>Thời điểm khuy&ecirc;n d&ugrave;ng:</strong>&nbsp;Ng&agrave;y, Xu&acirc;n</p>\r\n\r\n<p><strong>Phong c&aacute;ch:</strong>&nbsp;mạnh mẽ, cuốn h&uacute;t</p>\r\n\r\n<p><strong>Hương ch&iacute;nh:</strong>&nbsp;Hoa huệ, Hoa nh&agrave;i,&nbsp;Hương lục, Hương của gỗ</p>\r\n', '2021-05-01', 6800000, 0, 'Armani Prive Vert Malachite For men & women_1.PNG', NULL, 0, 10, '', 4, 1),
(16, 5, 3, 'Armani Prive Rouge Malachite Men & Women', '<p><img src=\"http://perfume168.com/Images/ImageSource/checkicon.jpg\" />&nbsp;Nh&atilde;n hiệu:&nbsp;<a href=\"http://perfume168.com/nuoc-hoa-giorgio-armani-146-86-0-/2/1\">Nước hoa Giorgio Armani</a></p>\r\n\r\n<p><img src=\"http://perfume168.com/Images/ImageSource/checkicon.jpg\" />&nbsp;Xuất xứ: Ph&aacute;p</p>\r\n\r\n<p><strong>Độ lưu hương:</strong>&nbsp;Rất l&acirc;u - Tr&ecirc;n 12 giờ</p>\r\n\r\n<p><strong>Độ toả hương:</strong>&nbsp;Rất xa - Toả hương trong v&ograve;ng b&aacute;n k&iacute;nh tr&ecirc;n 2 m&eacute;t</p>\r\n\r\n<p><strong>Thời điểm khuy&ecirc;n d&ugrave;ng:</strong>&nbsp;Ng&agrave;y, Đ&ecirc;m, Xu&acirc;n, Hạ, Thu, Đ&ocirc;ng</p>\r\n\r\n<p><strong>Phong c&aacute;ch:</strong>&nbsp;sang trọng, cuốn h&uacute;t</p>\r\n\r\n<p><strong>Hương ch&iacute;nh:</strong>&nbsp;Hoa huệ trắng, Hương của gỗ, Hổ ph&aacute;ch</p>\r\n', '2021-05-01', 6800000, 0, 'Armani Prive Rouge Malachite Men & Women_1.PNG', NULL, 0, 0, '', 0, 1),
(17, 5, 3, 'Armani Prive Rose D\'arabie Intense Unisex', '<p><img src=\"http://perfume168.com/Images/ImageSource/checkicon.jpg\" />&nbsp;Nh&atilde;n hiệu:&nbsp;<a href=\"http://perfume168.com/nuoc-hoa-vince-camuto-1112-82-0-/2/1\">Nước hoa Armani Prive Rose </a></p>\r\n\r\n<p><img src=\"http://perfume168.com/Images/ImageSource/checkicon.jpg\" />&nbsp;Xuất xứ: Mỹ</p>\r\n', '2021-04-30', 5950000, 0, 'Armani Prive Rose D\'arabie Intense Unisex_1.PNG', NULL, 0, 0, '', 0, 1),
(18, 13, 1, 'Givenchy Gentlemen Only Men', '<p><img src=\"http://perfume168.com/Images/ImageSource/checkicon.jpg\" />&nbsp;Nh&atilde;n hiệu:&nbsp;<a href=\"http://perfume168.com/nuoc-hoa-givenchy-147-82-0-/2/1\">Nước hoa Givenchy</a></p>\r\n\r\n<p><img src=\"http://perfume168.com/Images/ImageSource/checkicon.jpg\" />&nbsp;Xuất xứ: Ph&aacute;p</p>\r\n\r\n<p><strong>Hương đầu:</strong>&nbsp;Quả qu&yacute;t hồng xanh, Hồng ti&ecirc;u, Nhục đậu khấu, Gỗ Bu-l&ocirc;.</p>\r\n\r\n<p><strong>Hương giữa:</strong>&nbsp;Gỗ tuyết t&ugrave;ng, C&acirc;y hoắc hương, Cỏ hương b&agrave;i.</p>\r\n\r\n<p><strong>Hương cuối:</strong>&nbsp;Nhang (Hương), Xạ hương.</p>\r\n\r\n<p><strong>Phong c&aacute;ch:</strong>&nbsp;Nam t&iacute;nh, lịch l&atilde;m, b&iacute; ẩn</p>\r\n', '2021-05-01', 1850000, 0, 'Givenchy Gentlemen Only Men_1.PNG', NULL, 0, 10, '', 0, 1),
(19, 13, 1, 'Givenchy Gentlemen Only Absolute', '<p><img src=\"http://perfume168.com/Images/ImageSource/checkicon.jpg\" />&nbsp;Nh&atilde;n hiệu:&nbsp;<a href=\"http://perfume168.com/nuoc-hoa-givenchy-147-82-0-/2/1\">Nước hoa Givenchy</a></p>\r\n\r\n<p><img src=\"http://perfume168.com/Images/ImageSource/checkicon.jpg\" />&nbsp;Xuất xứ: Ph&aacute;p</p>\r\n\r\n<p><strong>Nh&oacute;m hương:&nbsp;</strong>Hương phương Đ&ocirc;ng</p>\r\n\r\n<p><strong>Độ lưu hương:</strong>&nbsp;Rất l&acirc;u&nbsp;</p>\r\n\r\n<p><strong>Độ toả hương:</strong>&nbsp;Xa - Toả hương trong v&ograve;ng b&aacute;n k&iacute;nh 2 m&eacute;t</p>\r\n\r\n<p><strong>Thời điểm khuy&ecirc;n d&ugrave;ng:</strong>&nbsp;Đ&ecirc;m, Xu&acirc;n, Đ&ocirc;ng</p>\r\n\r\n<p><strong>Phong c&aacute;ch:</strong>&nbsp;Tinh tế, thanh lịch, hiện đại</p>\r\n\r\n<p><strong>Hương đầu:</strong>&nbsp;Nghệ t&acirc;y</p>\r\n\r\n<p><strong>Hương giữa:</strong>&nbsp;Nhục đậu khấu, Quế</p>\r\n\r\n<p><strong>Hương cuối:</strong>&nbsp;Gỗ đ&agrave;n hương,&nbsp;Vanilla</p>\r\n', '2021-05-01', 2250000, 0, 'Givenchy Gentlemen Only Absolute_1.PNG', NULL, 0, 0, '', 0, 1),
(20, 9, 1, 'Gucci Guilty Intense Pour Homme', '<p><img src=\"http://perfume168.com/Images/ImageSource/checkicon.jpg\" />&nbsp;Nh&atilde;n hiệu:&nbsp;<a href=\"http://perfume168.com/nuoc-hoa-gucci-149-82-0-/2/1\">Nước hoa Gucci</a></p>\r\n\r\n<p><img src=\"http://perfume168.com/Images/ImageSource/checkicon.jpg\" />&nbsp;Xuất xứ: Ph&aacute;p</p>\r\n\r\n<p><strong>Nh&oacute;m nước hoa:</strong>&nbsp;Hương gỗ thơm</p>\r\n\r\n<p><strong>Độ lưu hương:</strong>&nbsp;L&acirc;u - 7 giờ đến 12 giờ</p>\r\n\r\n<p><strong>Độ toả hương:</strong>&nbsp;Gần - Toả hương trong v&ograve;ng một c&aacute;nh tay</p>\r\n\r\n<p><strong>Thời điểm khuy&ecirc;n d&ugrave;ng:</strong>&nbsp;Ng&agrave;y, Đ&ecirc;m, Thu, Đ&ocirc;ng</p>\r\n\r\n<p><strong>Phong c&aacute;ch:</strong>&nbsp;Nam t&iacute;nh, lịch l&atilde;m, quyến rũ</p>\r\n\r\n<p><strong>Hương đầu:</strong>&nbsp;Hoa Oải Hương, Ng&ograve; thơm, Quả chanh v&agrave;ng Amalfi</p>\r\n\r\n<p><strong>Hương giữa:</strong>&nbsp;Hoa cam Ch&acirc;u Phi, Hoa cam Neroli</p>\r\n\r\n<p><strong>Hương cuối:</strong>&nbsp;C&acirc;y hoắc hương, Gỗ tuyết t&ugrave;ng Virginia, Hổ ph&aacute;ch</p>\r\n\r\n<p><strong>Tổng quan:</strong>&nbsp;Đ&acirc;y l&agrave; một m&ugrave;i hương ban đ&ecirc;m, kh&aacute; linh hoạt để sử dụng v&agrave;o hầu hết c&aacute;c m&ugrave;a trong năm. Hương thơm l&yacute; tưởng cho những l&uacute;c đi chơi với bạn b&egrave; đến c&aacute;c hộp đ&ecirc;m hoặc tiệc t&ugrave;ng.</p>\r\n', '2021-05-01', 1850000, 0, 'Gucci Guilty Intense Pour Homme_1.PNG', NULL, 0, 10, '', 0, 1),
(21, 9, 1, 'Gucci Made to Measure Men', '<p><img src=\"http://perfume168.com/Images/ImageSource/checkicon.jpg\" />&nbsp;Nh&atilde;n hiệu:&nbsp;<a href=\"http://perfume168.com/nuoc-hoa-gucci-149-82-0-/2/1\">Nước hoa Gucci</a></p>\r\n\r\n<p><img src=\"http://perfume168.com/Images/ImageSource/checkicon.jpg\" />&nbsp;Xuất xứ: Ph&aacute;p</p>\r\n\r\n<p><strong>Nh&oacute;m nước hoa:</strong>&nbsp;Hương cay nồng phương đ&ocirc;ng</p>\r\n\r\n<p><strong>Độ lưu hương:</strong>&nbsp;Dưới 1 giờ</p>\r\n\r\n<p><strong>Độ toả hương:</strong>&nbsp;Rất gần - Thoang thoảng tr&ecirc;n l&agrave;n da</p>\r\n\r\n<p><strong>Thời điểm khuy&ecirc;n d&ugrave;ng:</strong>&nbsp;Ng&agrave;y, Đ&ecirc;m, Xu&acirc;n, Hạ, Thu</p>\r\n\r\n<p><strong>Phong c&aacute;ch:</strong>&nbsp;Lịch l&atilde;m, nam t&iacute;nh, mạnh mẽ.</p>\r\n\r\n<p><strong>Hương đầu:</strong>&nbsp;Cam Bergamot Calabria, Hoa cam Tunisia, Hoa Oải Hương, Tiểu hồi hương</p>\r\n\r\n<p><strong>Hương giữa:</strong>&nbsp;Nhục đậu khấu, Hoa s&uacute;ng, Quả mận, Quế, Quả b&aacute;ch x&ugrave;</p>\r\n\r\n<p><strong>Hương cuối:</strong>&nbsp;Hương Labdanum, C&acirc;y hoắc hương, Da thuộc, Hổ ph&aacute;ch</p>\r\n\r\n<p><strong>Tổng quan:</strong>&nbsp;Với sự c&acirc;n bằng giữa c&aacute;c m&ugrave;i hương, đ&acirc;y hứa hẹn l&agrave; một chai nước hoa kh&aacute; ổn định v&agrave; c&oacute; thể ph&ugrave; hợp với phần lớn c&aacute;c loại thời tiết trong năm. C&aacute;c bạn nam khi sử dụng m&ugrave;i hương đẳng cấp v&agrave; lịch l&atilde;m n&agrave;y sẽ như &ldquo; Hổ mọc th&ecirc;m c&aacute;nh&rdquo; khi đi l&agrave;m việc hoặc gặp đối t&aacute;c quan trọng.</p>\r\n', '2021-05-01', 900000, 0, 'Gucci Made to Measure Men_1.PNG', NULL, 0, 0, '', 0, 1),
(22, 9, 1, 'Gucci Guilty Pour Homme', '<p><img src=\"http://perfume168.com/Images/ImageSource/checkicon.jpg\" />&nbsp;Nh&atilde;n hiệu:&nbsp;<a href=\"http://perfume168.com/nuoc-hoa-gucci-149-82-0-/2/1\">Nước hoa Gucci</a></p>\r\n\r\n<p><img src=\"http://perfume168.com/Images/ImageSource/checkicon.jpg\" />&nbsp;Xuất xứ: Italy</p>\r\n\r\n<p><strong>Nh&oacute;m nước hoa:</strong>&nbsp;Hương gỗ thơm</p>\r\n\r\n<p><strong>Độ lưu hương:</strong>&nbsp;Tạm ổn - 3 giờ đến 6 giờ</p>\r\n\r\n<p><strong>Độ toả hương:</strong>&nbsp;Gần - Toả hương trong v&ograve;ng một c&aacute;nh tay</p>\r\n\r\n<p><strong>Thời điểm khuy&ecirc;n d&ugrave;ng:</strong>&nbsp;Ng&agrave;y, Đ&ecirc;m, Xu&acirc;n, Hạ</p>\r\n\r\n<p><strong>Phong c&aacute;ch:</strong>&nbsp;Trẻ trung, gợi cảm, nam t&iacute;nh</p>\r\n\r\n<p><strong>Hương đầu:</strong>&nbsp;Hoa Oải Hương, Quả chanh v&agrave;ng Amalfi</p>\r\n\r\n<p><strong>Hương giữa:</strong>&nbsp;Hoa cam Ch&acirc;u Phi</p>\r\n\r\n<p><strong>Hương cuối:</strong>&nbsp;C&acirc;y hoắc hương, Gỗ tuyết t&ugrave;ng Virginia</p>\r\n\r\n<p><strong>Tổng quan:</strong>&nbsp;M&ugrave;i hương nước hoa kh&aacute; đa dụng, c&oacute; thể sử dụng cho cả ng&agrave;y lẫn đ&ecirc;m v&agrave;o c&aacute;c m&ugrave;a xu&acirc;n, thu đ&ocirc;ng. Ph&aacute;i nam c&oacute; thể sử dụng những khi đi chơi hoặc hẹn h&ograve; với bạn g&aacute;i để th&ecirc;m phần l&atilde;ng mạn.</p>\r\n', '2021-04-14', 165000, 0, 'Gucci Guilty Pour Homme_1.PNG', NULL, 0, 0, '', 0, 1),
(23, 9, 1, 'Gucci Guilty Stud Limited Edition Pour Homme Men', '<p><img src=\"http://perfume168.com/Images/ImageSource/checkicon.jpg\" />&nbsp;Nh&atilde;n hiệu:&nbsp;<a href=\"http://perfume168.com/nuoc-hoa-gucci-149-82-0-/2/1\">Nước hoa Gucci</a></p>\r\n\r\n<p><img src=\"http://perfume168.com/Images/ImageSource/checkicon.jpg\" />&nbsp;Xuất xứ: Ph&aacute;p</p>\r\n\r\n<p><strong>Nh&oacute;m nước hoa:</strong>&nbsp;Hương gỗ thơm</p>\r\n\r\n<p><strong>Độ lưu hương:</strong>&nbsp;Rất l&acirc;u - Tr&ecirc;n 12 giờ</p>\r\n\r\n<p><strong>Độ toả hương:</strong>&nbsp;Gần - Toả hương trong v&ograve;ng một c&aacute;nh tay</p>\r\n\r\n<p><strong>Thời điểm khuy&ecirc;n d&ugrave;ng:</strong>&nbsp;Ng&agrave;y, Đ&ecirc;m, Xu&acirc;n, Hạ, Thu, Đ&ocirc;ng</p>\r\n\r\n<p><strong>Phong c&aacute;ch:</strong>&nbsp;gần gũi, s&agrave;nh điệu, nam t&iacute;nh, quyến rũ</p>\r\n\r\n<p><strong>Hương đầu:</strong>&nbsp;Hoa Oải Hương, Quả chanh v&agrave;ng</p>\r\n\r\n<p><strong>Hương giữa:</strong>&nbsp;Hoa cam</p>\r\n\r\n<p><strong>Hương cuối:</strong>&nbsp;Gỗ tuyết t&ugrave;ng, C&acirc;y hoắc hương</p>\r\n\r\n<p><strong>Tổng quan:&nbsp;</strong>Đ&acirc;y l&agrave; một hương kh&aacute; trung t&iacute;nh khi h&agrave;i h&ograve;a giữa ấm v&agrave; m&aacute;t, cay v&agrave; ngọt m&agrave; kh&ocirc;ng thi&ecirc;n hẳn về một ph&iacute;a n&agrave;o chứng tỏ Gucci Guilty Studs Pour Homme l&agrave; một anh ch&agrave;ng dễ t&iacute;nh, thoải m&aacute;i nhưng lu&ocirc;n c&oacute; sự mạnh mẽ ẩn b&ecirc;n trong.</p>\r\n', '2021-04-14', 1850000, 0, 'Gucci Guilty Stud Limited Edition Pour Homme Men_1.PNG', NULL, 0, 0, '', 0, 1),
(24, 4, 4, 'CaHermes Eau Des Merveilles 4PC', '<p><img src=\"http://perfume168.com/Images/ImageSource/checkicon.jpg\" />&nbsp;Nh&atilde;n hiệu:&nbsp;<a href=\"http://perfume168.com/nuoc-hoa-bvlgari-115-84-0-/2/1\">CaHermes</a></p>\r\n\r\n<p><img src=\"http://perfume168.com/Images/ImageSource/checkicon.jpg\" />&nbsp;Xuất xứ: Italy</p>\r\n', '2021-04-14', 3250000, 0, 'CaHermes Eau Des Merveilles 4PC_1.PNG', NULL, 0, 0, '', 0, 1),
(25, 4, 4, 'Hermes Terre d`Hermes Gift Set 100ml 3PC', '<p><img src=\"http://perfume168.com/Images/ImageSource/checkicon.jpg\" />&nbsp;Nh&atilde;n hiệu:&nbsp;<a href=\"http://perfume168.com/nuoc-hoa-hermes-153-84-0-/2/1\">Nước hoa Hermes</a></p>\r\n\r\n<p><img src=\"http://perfume168.com/Images/ImageSource/checkicon.jpg\" />&nbsp;Xuất xứ: Ph&aacute;p</p>\r\n\r\n<p>Bộ gift set&nbsp;&nbsp;Terre D`Hermes bao gồm 3 sản phẩm:<br />\r\n1. Nước hoa&nbsp;Terre D`Hermes 100ml EDT<br />\r\n2. Mini&nbsp;Terre D`Hermes 5ml EDT<br />\r\n3.&nbsp;Sữa tắm&nbsp;Terre D`Hermes 40ml<br />\r\n<br />\r\nĐược ra mắt v&agrave;o năm 2006 bởi Jean-Claude Ellena. Đ&acirc;y l&agrave;&nbsp;hương thơm rất thanh lịch d&agrave;nh cho qu&yacute; &ocirc;ng. Như một sự kết hợp giữa trời v&agrave; đất, được v&iacute; như một chuyến du h&agrave;nh xuy&ecirc;n thời gian. Bao gồm bộ ba cổ điển đầy nam t&iacute;nh: cam chanh, gỗ v&agrave; xạ hương. Hương thơm ch&iacute;nh l&agrave;: bưởi, cam, trầm t&iacute;ch (thạch anh), hạt ti&ecirc;u, hạt ti&ecirc;u hồng, l&aacute; Geranium (phong lữ thảo), hoắc hương, tuyết t&ugrave;ng, cỏ thơm vetiver v&agrave; nhựa th&ocirc;ng.&nbsp;</p>\r\n\r\n<p>M&ugrave;i hương:&nbsp;Bao gồm bộ ba cổ điển đầy nam t&iacute;nh: cam chanh, gỗ v&agrave; xạ hương. Hương thơm ch&iacute;nh l&agrave;: bưởi, cam, trầm t&iacute;ch (thạch anh), hạt ti&ecirc;u, hạt ti&ecirc;u hồng, l&aacute; Geranium (phong lữ thảo), hoắc hương, tuyết t&ugrave;ng, cỏ thơm vetiver v&agrave; nhựa th&ocirc;ng.</p>\r\n', '2021-05-01', 2850000, 0, 'Hermes Terre d`Hermes Gift Set 100ml 3PC_1.PNG', NULL, 0, 10, '', 0, 1),
(26, 4, 4, 'Hermes Terre D’Hermes GiftSet (125ml+30ml)', '<p><img src=\"http://perfume168.com/Images/ImageSource/checkicon.jpg\" />&nbsp;Nh&atilde;n hiệu:&nbsp;<a href=\"http://perfume168.com/nuoc-hoa-hermes-153-84-0-/2/1\">Nước hoa Hermes</a></p>\r\n\r\n<p><img src=\"http://perfume168.com/Images/ImageSource/checkicon.jpg\" />&nbsp;Xuất xứ: Ph&aacute;p</p>\r\n\r\n<p><strong><a href=\"http://perfume168.com/nuoc-hoa-bo---lkm-184-84-0-/0/1\">Bộ nước hoa</a>&nbsp;<a href=\"http://perfume168.com/nuoc-hoa/23232hermes-terre-d-hermes-men-1205\">Hermes Terre D&rsquo;Hermes</a>&nbsp;GiftSet gồm:</strong></p>\r\n\r\n<p>1. Nước hoa 125ml.</p>\r\n\r\n<p>2. Nước hoa 30ml.</p>\r\n\r\n<p>&nbsp;</p>\r\n\r\n<p><strong>Nh&oacute;m nước hoa:</strong>&nbsp;Hương gỗ cay nồng</p>\r\n\r\n<p><strong>Độ lưu hương:</strong>&nbsp;L&acirc;u - 7 giờ đến 12 giờ</p>\r\n\r\n<p><strong>Độ toả hương:</strong>&nbsp;Gần - Toả hương trong v&ograve;ng một c&aacute;nh tay</p>\r\n\r\n<p><strong>Thời điểm khuy&ecirc;n d&ugrave;ng:</strong>&nbsp;Ng&agrave;y, Đ&ecirc;m, Xu&acirc;n, Hạ, Thu</p>\r\n\r\n<p><strong>Phong c&aacute;ch:</strong>&nbsp;Nam t&iacute;nh, chững chạc, phong trần</p>\r\n\r\n<p><strong>Hương đầu:</strong>&nbsp;Quả cam, Quả bưởi</p>\r\n\r\n<p><strong>Hương giữa:</strong>&nbsp;Ti&ecirc;u, Thi&ecirc;n tr&uacute;c quỳ</p>\r\n\r\n<p><strong>Hương cuối:</strong>&nbsp;C&acirc;y hoắc hương, Gỗ tuyết t&ugrave;ng, Cỏ hương b&agrave;i, An tức hương</p>\r\n\r\n<p><strong>Tổng quan:</strong>&nbsp;Một m&ugrave;i hương sử dụng v&agrave;o ban ng&agrave;y rất tốt, đặc biệt l&agrave; v&agrave;o m&ugrave;a xu&acirc;n v&agrave; thu. Th&iacute;ch hợp với l&agrave;m việc hoặc vui chơi m&agrave; vẫn giữ được hương thơm trong một khoảng thời gian d&agrave;i.</p>\r\n', '2021-04-14', 3250000, 0, 'Hermes Terre D’Hermes GiftSet (125ml+30ml)_1.PNG', NULL, 0, 0, '', 0, 1),
(28, 4, 4, 'Hermes Voyage d\'Hermes Pure Parfum Unisex Gift Set 4PC', '<p><img src=\"http://perfume168.com/Images/ImageSource/checkicon.jpg\" />&nbsp;Nh&atilde;n hiệu:&nbsp;<a href=\"http://perfume168.com/nuoc-hoa-vince-camuto-1112-82-0-/2/1\">Nước hoa Hermes Voyage </a></p>\r\n\r\n<p><img src=\"http://perfume168.com/Images/ImageSource/checkicon.jpg\" />&nbsp;Xuất xứ: Mỹ</p>\r\n', '2021-04-14', 3250000, 0, 'Hermes Voyage d\'Hermes Pure Parfum Unisex Gift Set 4PC_1.PNG', NULL, 0, 0, NULL, 0, 1),
(30, 1, 1, 'Jo Malone Oud & Bergamot Cologne Intense', '<p><img src=\"http://perfume168.com/Images/ImageSource/checkicon.jpg\" />&nbsp;Nh&atilde;n hiệu:&nbsp;<a href=\"http://perfume168.com/nuoc-hoa-jo-malone-159-86-0-/2/1\">Nước hoa Jo Malone</a></p>\r\n\r\n<p><img src=\"http://perfume168.com/Images/ImageSource/checkicon.jpg\" />&nbsp;Xuất xứ: Anh Quốc</p>\r\n\r\n<p><strong>Nh&oacute;m nước hoa:</strong>&nbsp;Hương phương đ&ocirc;ng</p>\r\n\r\n<p><strong>Độ lưu hương:</strong>&nbsp;Tạm ổn - 3 giờ đến 6 giờ</p>\r\n\r\n<p><strong>Độ toả hương:</strong>&nbsp;Gần - Toả hương trong v&ograve;ng một c&aacute;nh tay</p>\r\n\r\n<p><strong>Thời điểm khuy&ecirc;n d&ugrave;ng:</strong>&nbsp;Ng&agrave;y, Đ&ecirc;m, Xu&acirc;n, Thu, Đ&ocirc;ng</p>\r\n\r\n<p><strong>Phong c&aacute;ch:</strong>&nbsp;Độc đ&aacute;o, gợi cảm, tinh tế</p>\r\n\r\n<p><strong>Hương ch&iacute;nh:</strong>&nbsp;Gỗ tuyết t&ugrave;ng Virginia, Cam Bergamot, Quả chanh v&agrave;ng Amalfi, Quả cam, Gỗ trầm hương</p>\r\n\r\n<p><strong>Tổng quan:</strong>&nbsp;Đ&acirc;y l&agrave; một chai nước hoa kh&aacute; linh hoạt, th&iacute;ch hợp cho cả ban ng&agrave;y v&agrave; ban đ&ecirc;m, v&agrave;o hầu hết c&aacute;c m&ugrave;a trong năm. Hương thơm l&yacute; tưởng cho việc sử dụng hằng ng&agrave;y, từ những l&uacute;c đi l&agrave;m đến những khi đi chơi dạo phố c&ugrave;ng bạn b&egrave; v&agrave; người th&acirc;n.</p>\r\n', '2021-05-01', 3250000, 0, 'Jo Malone Oud & Bergamot Cologne Intense_1.PNG', NULL, 0, 10, '', 0, 1),
(31, 16, 2, 'Mancera Wild Fruits', '<p><img src=\"http://perfume168.com/Images/ImageSource/checkicon.jpg\" />&nbsp;Nh&atilde;n hiệu:&nbsp;<a href=\"http://perfume168.com/nuoc-hoa-mancera-paris-1141-83-0-/2/1\">Nước Hoa Mancera Paris</a></p>\r\n\r\n<p><img src=\"http://perfume168.com/Images/ImageSource/checkicon.jpg\" />&nbsp;Xuất xứ: Ph&aacute;p</p>\r\n\r\n<p><strong>Nh&oacute;m nước hoa:</strong>&nbsp;Hương hoa cỏ tr&aacute;i c&acirc;y</p>\r\n\r\n<p><strong>Độ lưu hương:</strong>&nbsp;L&acirc;u - 7 giờ đến 12 giờ</p>\r\n\r\n<p><strong>Độ toả hương:</strong>&nbsp;Xa - Toả hương trong v&ograve;ng b&aacute;n k&iacute;nh 2 m&eacute;t</p>\r\n\r\n<p><strong>Thời điểm khuy&ecirc;n d&ugrave;ng:</strong>&nbsp;Ng&agrave;y, Xu&acirc;n, Hạ</p>\r\n\r\n<p><strong>Phong c&aacute;ch:</strong>&nbsp;Cuốn h&uacute;t, quyến rũ, c&aacute; t&iacute;nh</p>\r\n\r\n<p><strong>Hương đầu:</strong>&nbsp;Chi cam chanh, Quả kim quất, Quả chanh v&agrave;ng,Quả bưởi</p>\r\n\r\n<p><strong>Hương giữa:</strong>&nbsp;Hoa t&iacute;m, Hương tr&aacute;i c&acirc;y, Quả l&yacute; chua đen, Quả đ&agrave;o, Quả t&aacute;o xanh</p>\r\n\r\n<p><strong>Hương cuối:</strong>&nbsp;Gỗ tuyết t&ugrave;ng, Xạ hương trắng</p>\r\n', '2021-05-01', 3250000, 0, 'Mancera Wild Fruits_1.PNG', NULL, 0, 0, '', 0, 1),
(32, 17, 2, 'Rose des Vents Louis Vuitton', '<p><img src=\"http://perfume168.com/Images/ImageSource/checkicon.jpg\" />&nbsp;Nh&atilde;n hiệu:&nbsp;<a href=\"http://perfume168.com/nuoc-hoa-louis-vuitton-1140-83-0-/2/1\">Nước hoa Louis Vuitton</a></p>\r\n\r\n<p><img src=\"http://perfume168.com/Images/ImageSource/checkicon.jpg\" />&nbsp;Xuất xứ:</p>\r\n\r\n<p><strong><a href=\"http://perfume168.com/nuoc-hoa/12321rose-des-vents-louis-vuitton-2585\" target=\"_blank\">Rose des Vents</a></strong>&nbsp;thể hiện sự kho&aacute;ng đạt của một loại hoa đ&atilde; l&agrave;m n&ecirc;n biểu tượng, hoa hồng, được tao n&ecirc;n từ 3 loại hoa hồng kh&aacute;c kh&aacute;c từ Thổ Nhĩ Kỳ, Bulgari v&agrave; chiết xuất từ hoa hồng ng&agrave;n lớp Centifolia kết hợp với hoa iris, gỗ tuyết t&ugrave;ng v&agrave; c&aacute;c loại gia vị.</p>\r\n\r\n<p><a href=\"http://perfume168.com/\" target=\"_blank\">Hương thơm</a>&nbsp;được mong đợi nhất của thương hiệu thời trang sang trọng trọng bật nhất của Ph&aacute;p&nbsp;<strong><a href=\"http://perfume168.com/nuoc-hoa-louis-vuitton-1140-83-0-/2/1\" target=\"_blank\">Louis Vuitton</a></strong>&nbsp;cuối c&ugrave;ng cũng được ra mắt v&agrave;o th&aacute;ng Ch&iacute;n năm 2016. Qu&aacute; tr&igrave;nh chuẩn bị cũng mất thời gian nhiều nhất hơn bốn năm v&agrave; cũng do nh&agrave; thiết kế nước hoa nổi tiếng nhất hiện nay đảm nhận truyền cảm hứng thổi hồn v&agrave;o bộ sưu tập gồm 7 m&ugrave;i hương quyến rũ kh&aacute;c nhau.</p>\r\n\r\n<p>Lấy cảm hứng từ tinh thần ngao du v&agrave; niềm đam m&ecirc; kh&aacute;m ph&aacute;, bộ sưu tập&nbsp;<a href=\"http://perfume168.com/\" target=\"_blank\">nước hoa</a>&nbsp;đầu ti&ecirc;n của Louis Vuitton mang tới 7 m&ugrave;i hương, 7 h&agrave;nh tr&igrave;nh kh&aacute;m ph&aacute; khứu gi&aacute;c, 7 s&aacute;ng tạo sẽ đưa người phụ nữ tới tới bất kỳ nơi n&agrave;o với h&agrave;nh tr&igrave;nh khởi nguồn từ l&agrave;n da.</p>\r\n', '2021-05-01', 7950000, 0, 'Rose des Vents Louis Vuitton_1.PNG', NULL, 0, 0, '', 0, 1),
(33, 1, 1, 'Mariah Carey M Women', '<p><img src=\"http://perfume168.com/Images/ImageSource/checkicon.jpg\" />&nbsp;Nh&atilde;n hiệu:&nbsp;<a href=\"http://perfume168.com/nuoc-hoa-mariah-carey-178-83-0-/2/1\">Nước hoa Mariah Carey</a></p>\r\n\r\n<p><img src=\"http://perfume168.com/Images/ImageSource/checkicon.jpg\" />&nbsp;Xuất xứ:</p>\r\n\r\n<p><strong>Hương đầu:</strong>&nbsp;Kẹo dẻo Marshmallow, Nước biển.</p>\r\n\r\n<p><strong>Hương giữa:</strong>&nbsp;Hoa sơn chi, Hoa Tiare.</p>\r\n\r\n<p><strong>Hương cuối:</strong>&nbsp;Hổ ph&aacute;ch, C&acirc;y hoắc hương, Nhang (Hương).</p>\r\n\r\n<p><strong>Phong c&aacute;ch:</strong>&nbsp;Tinh tế, trang nh&atilde;, thu h&uacute;t.</p>\r\n', '2021-05-01', 1250000, 0, 'Mariah Carey M Women_1.PNG', NULL, 0, 0, '', 0, 1),
(34, 20, 4, 'Prada Candy Florale Giftset', '<p><img src=\"http://perfume168.com/Images/ImageSource/checkicon.jpg\" />&nbsp;Nh&atilde;n hiệu:&nbsp;<a href=\"http://perfume168.com/nuoc-hoa-prada-191-84-0-/2/1\">Nước hoa Prada</a></p>\r\n\r\n<p><img src=\"http://perfume168.com/Images/ImageSource/checkicon.jpg\" />&nbsp;Xuất xứ: T&acirc;y Ban Nha</p>\r\n', '2021-05-01', 2650000, 0, 'Prada Candy Florale Giftset_1.PNG', NULL, 0, 10, '', 0, 1),
(35, 8, 1, 'Penhaligon\'s Portraits The Tragedy of Lord George', '<p><img src=\"http://perfume168.com/Images/ImageSource/checkicon.jpg\" />&nbsp;Nh&atilde;n hiệu:&nbsp;<a href=\"http://perfume168.com/nuoc-hoa-vince-camuto-1112-82-0-/2/1\">Nước hoa Penhaligon </a></p>\r\n\r\n<p><img src=\"http://perfume168.com/Images/ImageSource/checkicon.jpg\" />&nbsp;Xuất xứ: Mỹ</p>\r\n', '2021-05-01', 7950000, 0, 'Penhaligon\'s Portraits The Tragedy of Lord George_1.PNG', NULL, 0, 0, NULL, 0, 1),
(37, 2, 4, 'Swarovski Aura Gift Set 3PC', '<p><img src=\"http://perfume168.com/Images/ImageSource/checkicon.jpg\" />&nbsp;Nh&atilde;n hiệu:&nbsp;<a href=\"http://perfume168.com/nuoc-hoa-swarovski-1121-84-0-/2/1\">Nước hoa Swarovski</a></p>\r\n\r\n<p><img src=\"http://perfume168.com/Images/ImageSource/checkicon.jpg\" />&nbsp;Xuất xứ: Ph&aacute;p</p>\r\n\r\n<p>Bộ nước hoa Swarovski Aura gổm&nbsp; sản phẩm</p>\r\n\r\n<p>1. Nước hoa 50ml eau de parfum</p>\r\n\r\n<p>2. Kem dưỡng thể 50ml</p>\r\n\r\n<p>3. V&iacute; cầm tay da</p>\r\n\r\n<p><strong>Hương đầu:</strong>&nbsp;Hoa hồng, Quả vải.</p>\r\n\r\n<p><strong>Hương giữa:</strong>&nbsp;Hoa huệ trắng.</p>\r\n\r\n<p><strong>Hương cuối:</strong>&nbsp;Xạ hương, Hổ ph&aacute;ch, An tức hương, Hồng ti&ecirc;u.</p>\r\n\r\n<p><strong>Phong c&aacute;ch:</strong>&nbsp;Tươi tắn, nữ t&iacute;nh, thu h&uacute;t</p>\r\n', '2021-05-01', 1750000, 0, 'Swarovski Aura Gift Set 3PC_1.PNG', NULL, 0, 20, '', 0, 1),
(38, 3, 4, 'Thierry Mugler Amen Set 3PC', '<p><img src=\"http://perfume168.com/Images/ImageSource/checkicon.jpg\" />&nbsp;Nh&atilde;n hiệu:&nbsp;<a href=\"http://perfume168.com/nuoc-hoa-thierry-mugler-199-84-0-/2/1\">Nước hoa Thierry Mugler</a></p>\r\n\r\n<p><img src=\"http://perfume168.com/Images/ImageSource/checkicon.jpg\" />&nbsp;Xuất xứ: Ph&aacute;p</p>\r\n\r\n<h3><strong><a href=\"http://perfume168.com/nuoc-hoa-bo---lkm-184-84-0-/0/1\">Bộ nước hoa nam</a>&nbsp;<a href=\"http://perfume168.com/nuoc-hoa/12321thierry-mugler-amen-2162\">Thierry Mugler Amen</a>&nbsp;GiftSet gồm:</strong></h3>\r\n\r\n<p>- Nước hoa nam Thierry Mugler A Men 100ml</p>\r\n\r\n<p>- Dầu gội Thierry Mugler A Men 50ml</p>\r\n\r\n<p>- Lăng khử m&ugrave;i Thierry Mugler A Men 20ml</p>\r\n\r\n<p>&nbsp;</p>\r\n\r\n<p>&nbsp;</p>\r\n\r\n<p><strong>Nh&oacute;m hương:&nbsp;</strong>Oriental &ndash; Woody</p>\r\n\r\n<p><strong>Độ lưu hương:</strong>&nbsp;L&acirc;u - 7 giờ đến 12 giờ</p>\r\n\r\n<p><strong>Độ toả hương:</strong>&nbsp;Xa - Toả hương trong v&ograve;ng b&aacute;n k&iacute;nh 2 m&eacute;t</p>\r\n\r\n<p><strong>M&ugrave;i hương đặc trưng:&nbsp;</strong>Oải hương, Cam B&ecirc;gamốt, Helional, Bạc h&agrave;, Hạt c&agrave; ph&ecirc; rang, Hoắc hương, Caramen, Đậu Tonka, Nhựa đường, Xạ hương, Vani, S&ocirc;c&ocirc;la.</p>\r\n\r\n<p><strong>Thời điểm khuy&ecirc;n d&ugrave;ng:</strong>&nbsp;Ng&agrave;y, Đ&ecirc;m, Thu, Đ&ocirc;ng</p>\r\n\r\n<p><strong>Phong c&aacute;ch:&nbsp;</strong>Quyến rũ, độc đ&aacute;o</p>\r\n', '2021-05-01', 2250000, 0, 'Thierry Mugler Amen Set 3PC_1.PNG', NULL, 0, 0, '', 0, 1),
(39, 3, 4, 'Thierry Mugler Mini Alien & Angel', '<p><img src=\"http://perfume168.com/Images/ImageSource/checkicon.jpg\" />&nbsp;Nh&atilde;n hiệu:&nbsp;<a href=\"http://perfume168.com/nuoc-hoa-thierry-mugler-199-84-0-/2/1\">Nước hoa Thierry Mugler</a></p>\r\n\r\n<p><img src=\"http://perfume168.com/Images/ImageSource/checkicon.jpg\" />&nbsp;Xuất xứ: Ph&aacute;p</p>\r\n\r\n<p><strong><a href=\"http://perfume168.com/nuoc-hoa-bo---lkm-184-84-0-/0/1\">Bộ nước hoa</a>&nbsp;<a href=\"http://perfume168.com/nuoc-hoa-thierry-mugler-199-83-0-/2/1\">Thierry Mugler</a>&nbsp;Mini bao gồm 4 sản phẩm:</strong></p>\r\n\r\n<p>1. Thierry Mugler Angel Mini 5ml eau de parfum</p>\r\n\r\n<p>2. Thierry Mugler Angel Mini 3ml eau de toilette</p>\r\n\r\n<p>3. Thierry Mugler Alien Mini 6ml eau de parfum</p>\r\n\r\n<p>4. Thierry Mugler Alien Essence Absolue Mini 6ml eau de parfum intense</p>\r\n', '2021-05-01', 1550000, 0, 'Thierry Mugler Mini Alien & Angel_1.PNG', NULL, 0, 0, '', 0, 1),
(40, 10, 5, 'Wowmart VN Nước hoa nam Bleu De Chanel Pour Home EDP 100ml', '<p><strong>D&ograve;ng nước hoa Bleu De Chanel Parfum Pour Homme</strong>&nbsp;được xem l&agrave; m&ugrave;i hương &ldquo;huyền thoại&rdquo; mỗi khi nhắc đến Chanel, d&ugrave; đ&atilde; c&oacute; nhiều phi&ecirc;n bản trước đ&oacute; nhưng mẫu n&agrave;y vẫn g&acirc;y ấn tượng v&agrave; để lại dấu ấn kh&oacute; phai nhất. Sự kết hợp của hương gỗ lịch l&atilde;m, nam t&iacute;nh c&ugrave;ng hương hoa v&agrave; quả tươi m&aacute;t, thơm ng&aacute;t sẽ mang đến bạn những cung bậc cảm x&uacute;c kh&oacute; diễn tả th&agrave;nh lời. M&ugrave;i hương độc đ&aacute;o c&ugrave;ng thiết kế tinh tế hiện đại,&nbsp;<strong>Bleu De Chanel Parfum Pour Homme</strong>&nbsp;l&agrave; m&oacute;n qu&agrave; ho&agrave;n hảo m&agrave; Chanel d&agrave;nh tặng cho những t&iacute;n đồ của m&igrave;nh.&nbsp;</p>\r\n\r\n<p>&nbsp;Từ thiết kế cho đến m&ugrave;i hương,&nbsp;<strong>Nước hoa nam Bleu De Chanel Parfum Pour Homme</strong>&nbsp;100ml đều to&aacute;t l&ecirc;n một vẻ đẹp lịch l&atilde;m, nam t&iacute;nh, điều n&agrave;y đ&atilde; c&oacute; thể nh&igrave;n thấy được ở một số phi&ecirc;n bản trước đ&oacute;. Tuy nhi&ecirc;n,&nbsp;<strong>Bleu De Chanel Parfum Pour Homme&nbsp;</strong>để lại ấn tượng bởi sự kết hợp độc đ&aacute;o giữa c&aacute;c tầng hương, sự tươi m&aacute;t v&agrave; mạnh mẽ được thể hiện một c&aacute;ch tinh tế, hương đậm nhưng kh&ocirc;ng hề c&oacute; cảm gi&aacute;c bị nồng gắt, ngược lại, v&ocirc; c&ugrave;ng dễ chịu.&nbsp;</p>\r\n\r\n<p>&nbsp;Nước hoa nam&nbsp;<strong>Bleu De Chanel Parfum Pour Homme 100ml</strong>&nbsp;lấy cảm hứng từ tư tưởng tự do, ph&oacute;ng kho&aacute;ng của một người đ&agrave;n &ocirc;ng hiện đại, tự tin, quyết đo&aacute;n, tự chủ cuộc sống của m&igrave;nh v&agrave; ph&aacute; bỏ những quy tắc, r&agrave;o cản của ng&agrave;y xưa.&nbsp;</p>\r\n\r\n<p>&nbsp;Sản phẩm được tạo ra bởi nh&agrave; pha chế lừng danh Jacques Polge.&nbsp;&bull; Tầng hương đầu tươi m&aacute;t từ Chanh v&agrave;ng, Cam bergamot, bạc h&agrave; tạo cảm gi&aacute;c sảng kho&aacute;i, thoải m&aacute;i. Tiếp đ&oacute; l&agrave; sự kết hợp tinh tế của hoa oải hương, quả dứa, hoa phong lữ nồng n&agrave;n đầy l&ocirc;i cuốn, vừa hiện đại, vừa lịch l&atilde;m của qu&yacute; &ocirc;ng trưởng th&agrave;nh.</p>\r\n\r\n<p>&nbsp;Tầng hương cuối l&agrave; điểm nhấn đ&aacute;ng ch&uacute; &yacute;: Tuyết t&ugrave;ng, gỗ đ&agrave;n hương, hổ ph&aacute;ch v&agrave; đậu tonka mạnh mẽ, nam t&iacute;nh v&agrave; c&oacute; sức hấp dẫn kh&oacute; tả. M&ugrave;i hương n&agrave;y đ&atilde; chinh phục những người s&agrave;nh nước hoa tr&ecirc;n Thế giới.&nbsp;</p>\r\n', '2021-05-07', 3650000, 3350000, 'nuoc-hoa-nam-blue-de-chanel-pour-home-edp-100ml.jpg', NULL, 5, 15, '', 4, 1),
(41, 20, 5, 'Prada Amber Pour homme Intense', '<p><img src=\"http://perfume168.com/Images/ImageSource/checkicon.jpg\" />&nbsp;Nh&atilde;n hiệu:&nbsp;<a href=\"http://perfume168.com/nuoc-hoa-vince-camuto-1112-82-0-/2/1\">Nước hoa Vince Camuto</a></p>\r\n\r\n<p><img src=\"http://perfume168.com/Images/ImageSource/checkicon.jpg\" />&nbsp;Xuất xứ: Mỹ</p>\r\n', '2021-04-13', 3150000, 2450000, 'Prada Amber Pour homme Intense.PNG', NULL, 15, 10, 'Không có', 1, 1),
(42, 7, 5, 'Carolina Herrera 212 CH Men Sport', '<p><img src=\"http://perfume168.com/Images/ImageSource/checkicon.jpg\" />&nbsp;Nh&atilde;n hiệu:&nbsp;<a href=\"http://perfume168.com/nuoc-hoa-212-carolina-herrera-118-82-0-/2/1\">Nước hoa 212 Carolina Herrera</a></p>\r\n\r\n<p><img src=\"http://perfume168.com/Images/ImageSource/checkicon.jpg\" />&nbsp;Xuất xứ: T&acirc;y Ban Nha</p>\r\n\r\n<p><strong>Nh&oacute;m nước hoa:</strong>&nbsp;Hương thơm cay nồng</p>\r\n\r\n<p><strong>Độ lưu hương:</strong>&nbsp;L&acirc;u - 7 giờ đến 12 giờ</p>\r\n\r\n<p><strong>Độ toả hương:</strong>&nbsp;Gần - Toả hương trong v&ograve;ng một c&aacute;nh tay</p>\r\n\r\n<p><strong>Thời điểm khuy&ecirc;n d&ugrave;ng:</strong>&nbsp;Ng&agrave;y, Xu&acirc;n, Hạ</p>\r\n\r\n<p><strong>Phong c&aacute;ch:</strong>&nbsp;Thể thao, nam t&iacute;nh, trang nh&atilde;.</p>\r\n\r\n<p><strong>Hương đầu:</strong>&nbsp;Cam Bergamot, C&acirc;y x&ocirc; thơm, Quả bưởi</p>\r\n\r\n<p><strong>Hương giữa:</strong>&nbsp;C&acirc;y b&aacute;ch x&ugrave;, Xuy&ecirc;n ti&ecirc;u, Hương nước biển</p>\r\n\r\n<p><strong>Hương cuối:</strong>&nbsp;Gỗ đ&agrave;n hương, Cỏ hương b&agrave;i,&nbsp;R&ecirc;u sồ</p>\r\n', '2021-04-13', 2150000, 1650000, 'Carolina Herrera 212 CH Men Sport.PNG', NULL, 5, 20, '', 5, 1),
(43, 11, 5, 'Dior Homme Intense', '<p><img src=\"http://perfume168.com/Images/ImageSource/checkicon.jpg\" />&nbsp;Nh&atilde;n hiệu:&nbsp;<a href=\"http://perfume168.com/nuoc-hoa-dior-134-82-0-/2/1\">Nước hoa Dior</a></p>\r\n\r\n<p><img src=\"http://perfume168.com/Images/ImageSource/checkicon.jpg\" />&nbsp;Xuất xứ: Ph&aacute;p</p>\r\n\r\n<p><strong>Nh&oacute;m nước hoa:</strong>&nbsp;Hương gỗ hoa cỏ xạ hương</p>\r\n\r\n<p><strong>Độ lưu hương:</strong>&nbsp;Rất l&acirc;u - Tr&ecirc;n 12 giờ</p>\r\n\r\n<p><strong>Độ toả hương:</strong>&nbsp;Xa - Toả hương trong v&ograve;ng b&aacute;n k&iacute;nh 2 m&eacute;t</p>\r\n\r\n<p><strong>Thời điểm khuy&ecirc;n d&ugrave;ng:</strong>&nbsp;Ng&agrave;y, Đ&ecirc;m, Thu, Đ&ocirc;ng</p>\r\n\r\n<p><strong>Phong c&aacute;ch:</strong>&nbsp;Lịch l&atilde;m, thu h&uacute;t, chững trạc</p>\r\n\r\n<p><strong>Hương đầu:</strong>&nbsp;Hoa Oải Hương</p>\r\n\r\n<p><strong>Hương giữa:</strong>&nbsp;Hoa di&ecirc;n vĩ, C&acirc;y v&ocirc;ng vang, Quả l&ecirc;</p>\r\n\r\n<p><strong>Hương cuối:</strong>&nbsp;Cỏ hương b&agrave;i, Gỗ tuyết t&ugrave;ng Virginia</p>\r\n', '2021-04-13', 3450000, 2650000, 'Dior Homme Intense.PNG', NULL, 9, 18, '', 12, 1),
(44, 19, 2, 'Elie Saab Le Parfum Women', '<p><img src=\"http://perfume168.com/Images/ImageSource/checkicon.jpg\" />&nbsp;Nh&atilde;n hiệu:&nbsp;<a href=\"http://perfume168.com/nuoc-hoa-elie-saab-138-83-0-/2/1\">Nước hoa Elie Saab</a></p>\r\n\r\n<p><img src=\"http://perfume168.com/Images/ImageSource/checkicon.jpg\" />&nbsp;Xuất xứ: Ph&aacute;p</p>\r\n\r\n<p>M&ugrave;i hương đặc trưng:</p>\r\n\r\n<ol>\r\n	<li>Hương đầu: hoa cam</li>\r\n	<li>Hương giữa: hoa nh&agrave;i</li>\r\n	<li>Hương cuối: hoắc hương, tuyết t&ugrave;ng, hoa hồng, mật ong</li>\r\n</ol>\r\n\r\n<p>Nh&oacute;m hương: Floral<br />\r\nPhong c&aacute;ch: Nữ t&iacute;nh, dịu d&agrave;ng, thuần khiết</p>\r\n', '2021-04-13', 3650000, 2850000, 'Elie Saab Le Parfum Women.PNG', NULL, 9, 10, '', 2, 1),
(45, 20, 1, 'Byredo Pulp Eau De Parfum', '<p><img src=\"http://perfume168.com/Images/ImageSource/checkicon.jpg\" />&nbsp;Nh&atilde;n hiệu:&nbsp;<a href=\"http://perfume168.com/nuoc-hoa-byredo-1151-86-0-/2/1\">Nước Hoa Byredo</a></p>\r\n\r\n<p><img src=\"http://perfume168.com/Images/ImageSource/checkicon.jpg\" />&nbsp;Xuất xứ: Ph&aacute;p</p>\r\n\r\n<p><strong>Nh&oacute;m nước hoa:</strong>&nbsp;Hương va-ni phương đ&ocirc;ng</p>\r\n\r\n<p><strong>Độ lưu hương:</strong>&nbsp;Rất l&acirc;u - Tr&ecirc;n 12 giờ</p>\r\n\r\n<p><strong>Độ toả hương:</strong>&nbsp;Đang cập nhật</p>\r\n\r\n<p><strong>Thời điểm khuy&ecirc;n d&ugrave;ng:</strong>&nbsp;Đ&ecirc;m, Đ&ocirc;ng</p>\r\n\r\n<p><strong>Phong c&aacute;ch:</strong>&nbsp;Trong v&ograve;ng 1 c&aacute;nh tay</p>\r\n\r\n<p><strong>Hương đầu:</strong>&nbsp;Hồng ti&ecirc;u, Hoa hồng đỏ Thổ Nhĩ Kỳ&nbsp;</p>\r\n\r\n<p><strong>Hương giữa:</strong>&nbsp;Hoa hồng đỏ Thổ Nhĩ Kỳ , Hoa c&acirc;y m&acirc;m x&ocirc;i</p>\r\n\r\n<p><strong>Hương cuối:</strong>&nbsp;Giấy c&oacute;i, Hổ ph&aacute;ch</p>\r\n', '2021-05-05', 6400000, 4950000, 'Byredo Pulp Eau De Parfum_0.PNG', NULL, 12, 16, '', 3, 1),
(50, 22, 2, 'Nước Hoa Nữ Tom Ford Velvet Orchird For Woman, 100ml', '<p>Năm ph&aacute;t h&agrave;nh:</p>\r\n\r\n<p>2014</p>\r\n\r\n<p>Giới t&iacute;nh:</p>\r\n\r\n<p>Nữ</p>\r\n\r\n<p>Phong c&aacute;ch:</p>\r\n\r\n<p>Quyến rũ, gợi cảm, tinh tế</p>\r\n\r\n<p>Hương thơm của&nbsp;<strong>Nước Hoa Nữ Tom Ford Velvet Orchird For Woman, 100ml</strong>&nbsp;được tạo ra từ c&aacute;c loại tr&aacute;i c&acirc;y như cam, qu&yacute;t v&agrave; một số lo&agrave;i hoa trong thi&ecirc;n nhi&ecirc;n. Rượu rum v&agrave; hoa phong lan đen ch&iacute;nh những m&ugrave;i hương nổi bật m&agrave; bạn c&oacute; thể cảm nhận được khi sử dụng nước hoa n&agrave;y.</p>\r\n', '2021-05-10', 2840000, 2650000, 'nuoc-hoa-nu-tomford-velvet-orchird-for-woman-100ml.png', NULL, 2, 25, '', 2, 1);
INSERT INTO `sanpham` (`idSP`, `idNH`, `idL`, `TenSP`, `MoTa`, `NgayCapNhat`, `GiaBan`, `GiaKhuyenmai`, `urlHinh`, `baiviet`, `SoLanXem`, `SoLuongTonKho`, `GhiChu`, `SoLanMua`, `AnHien`) VALUES
(47, 22, 5, 'Tom Ford Noir for men', '<p><img alt=\"\" src=\"https://www.thegioinuochoa.com.vn/uploads/products/2018/03/image/20180323_095022_3975.png\" /></p>\r\n\r\n<p><a href=\"https://www.thegioinuochoa.com.vn/uploads/galleries/2018/09/uri/1536303351.3346.jpg\"><img alt=\"\" src=\"https://www.thegioinuochoa.com.vn/uploads/galleries_thumb/2018/09/uri/1536303351.3346.jpg\" /></a><a href=\"https://www.thegioinuochoa.com.vn/uploads/galleries/2018/09/uri/1536303353.5334.jpg\"><img alt=\"\" src=\"https://www.thegioinuochoa.com.vn/uploads/galleries_thumb/2018/09/uri/1536303353.5334.jpg\" /></a><a href=\"https://www.thegioinuochoa.com.vn/uploads/galleries/2018/09/uri/1536303353.5844.jpg\"><img alt=\"\" src=\"https://www.thegioinuochoa.com.vn/uploads/galleries_thumb/2018/09/uri/1536303353.5844.jpg\" /></a></p>\r\n\r\n<p>Lượt xem sản phẩm :&nbsp;<strong>86.055</strong></p>\r\n\r\n<ul>\r\n	<li>Nh&atilde;n hiệu:Tom Ford</li>\r\n	<li>Giới t&iacute;nh:Nam</li>\r\n	<li>Xuất xứ:Mỹ</li>\r\n	<li>Bộ sưu tập:</li>\r\n	<li>Ph&aacute;t h&agrave;nh:2012</li>\r\n	<li>M&agrave;u sắc:</li>\r\n	<li>Nồng độ:Eau de parfum</li>\r\n	<li>Nh&agrave; pha chế:</li>\r\n	<li>Nh&oacute;m hương:Hương thơm cay nồng - Aromatic Spicy</li>\r\n	<li>Phong c&aacute;ch:Cổ điển, sang trọng, lịch l&atilde;m, mạnh mẽ.</li>\r\n</ul>\r\n\r\n<p><strong>Hương đặc trưng</strong></p>\r\n\r\n<p>Hương đầu: Cam bergamot &Yacute;, cỏ roi ngựa, c&acirc;y ca-rum, hạt ti&ecirc;u hồng, hoa t&iacute;m.<br />\r\nHương giữa: Hạt ti&ecirc;u đen, hạt nhục đậu khấu, nhựa Tuscan Iris, phong lữ Ai Cập, Bulgaria Rose, Clary Sage<br />\r\nHương cuối: Nhựa c&acirc;y, hổ ph&aacute;ch, hoắc hương Indonesia, cỏ vetiver, cầy hương, vani.</p>\r\n', '2021-05-07', 4350000, 4350000, 'Tom-Ford-Ombre-Leather-2018.jpg', NULL, 5, 20, '', 5, 1),
(48, 10, 5, 'Nước Hoa Chanel Nam Allure Homme Sport EDT', '<p>-&nbsp;<strong><a href=\"http://thegioisonmoi.com/products/nuoc-hoa-chanel-nam-allure-homme-sport-edt\">Chanel Allure Homme Sport</a></strong>&nbsp;được ra đời năm 2004 bởi nh&agrave; thiết kế t&agrave;i hoa, chuy&ecirc;n gia h&agrave;ng đầu về nước hoa của h&atilde;ng Chanel Jacques Polge. Allure Homme Sport mang hương thơm thanh m&aacute;t, năng động v&agrave; sắc b&eacute;n hơn.</p>\r\n\r\n<p>&nbsp;</p>\r\n\r\n<p><img src=\"https://file.hstatic.net/1000025647/file/cn3_grande.jpg\" /></p>\r\n\r\n<p>&nbsp;</p>\r\n\r\n<p>-&nbsp;<strong><a href=\"http://thegioisonmoi.com/products/nuoc-hoa-chanel-nam-allure-homme-sport-edt\">Nước hoa Chanel Allure Homme Sport</a></strong>&nbsp;bộc lộ 1 c&aacute;ch đầy bản năng những ng&ocirc;n ngữ của cơ thể, v&agrave; trở n&ecirc;n quyến rũ 1 c&aacute;ch tự nhi&ecirc;n được bộc lộ c&ugrave;ng l&uacute;c tu&ocirc;n tr&agrave;o năng lượng của sự tươi m&aacute;t.</p>\r\n\r\n<p>&nbsp;</p>\r\n\r\n<p>&nbsp;</p>\r\n\r\n<p><a href=\"http://thegioisonmoi.com/products/nuoc-hoa-chanel-nam-allure-homme-sport-edt\"><img src=\"https://file.hstatic.net/1000025647/file/nuoc-hoa-chanel-allure-homme-sport-eau-de-toilette_grande.jpg\" /></a></p>\r\n\r\n<p>- Mẫu thiết kế Chanel Allure Homme Sport được Jacques Helleu lấy cảm hứng một c&aacute;ch tinh tế dựa tr&ecirc;n thể thao năng động. Được kết hợp với đặc trưng sang trọng v&agrave; lịch l&atilde;m vốn c&oacute; của nước hoa CHANEL, đ&acirc;y l&agrave; chai nước hoa được l&agrave;m ra để d&agrave;nh ri&ecirc;ng cho ph&aacute;i mạnh, mang lại sự khỏe khoắn sảng kho&aacute;i v&agrave; phong c&aacute;ch.</p>\r\n\r\n<p>&nbsp;</p>\r\n\r\n<p><img src=\"https://file.hstatic.net/1000025647/file/c-hoa-nam-chanel-allure-homme-sport-10ml-1484123757-1746787-1484123757_grande.jpg\" /></p>\r\n\r\n<p><a href=\"http://thegioisonmoi.com/products/nuoc-hoa-chanel-nam-allure-homme-sport-edt\"><img src=\"https://file.hstatic.net/1000025647/file/chanel-allure-homme-sport-_grande.jpg\" /></a></p>\r\n\r\n<p>&nbsp;</p>\r\n\r\n<p><strong>Hương đặc trưng:</strong></p>\r\n\r\n<p>Hương đầu: Hương An-đ&ecirc;-h&iacute;t, Quả qu&yacute;t hồng huyết, Quả cam, Hương nước biển.</p>\r\n\r\n<p>Hương giữa: Ti&ecirc;u, Gỗ tuyết t&ugrave;ng, Hoa cam Neroli.</p>\r\n\r\n<p>Hương cuối: Đậu Tonka, Xạ hương trắng, Hổ ph&aacute;ch, Hương Va ni, Cỏ hương b&agrave;i, Hương nhựa c&acirc;y Elemi.</p>\r\n\r\n<p>&nbsp;</p>\r\n\r\n<p><strong>Phong C&aacute;ch:</strong>&nbsp;Khỏe mạnh, quyến rũ, tươi m&aacute;t</p>\r\n\r\n<p><strong>Xuất Xứ:</strong>&nbsp;Ph&aacute;p</p>\r\n', '2021-05-07', 2150000, 1890000, 'nuoc-hoa-chanel-allure-homme-sport-eau-de-toilette_grande.jpg', NULL, 2, 5, '', 1, 1),
(49, 21, 5, ' CHARME PERFUME Nước Hoa Nam Charme Boss Charme 100ml', '<p>&nbsp;</p>\r\n\r\n<p>Nh&agrave; sản xuất:&nbsp;</p>\r\n\r\n<p>&nbsp;</p>\r\n\r\n<p>&nbsp;</p>\r\n\r\n<p>CHARME PERFUME</p>\r\n\r\n<p>&nbsp;</p>\r\n\r\n<p>&nbsp;</p>\r\n\r\n<p>M&atilde; sản phẩm:&nbsp;</p>\r\n\r\n<p>&nbsp;</p>\r\n\r\n<p>&nbsp;</p>\r\n\r\n<p>CPCBC100ML</p>\r\n\r\n<p>&nbsp;</p>\r\n\r\n<p>&nbsp;</p>\r\n\r\n<p><strong>Nước Hoa Charme Boss Charme 100ml</strong><em><strong>&nbsp;</strong></em>với hương thơm k&eacute;o d&agrave;i từ qu&yacute;t tươi, gỗ mang đến một hương thơm ngọt ng&agrave;o, nồng ấm, mạnh mẽ v&agrave; quyến rũ cực kỳ, đậm chất&nbsp;<strong>BOSS</strong>&nbsp;cho c&aacute;c qu&yacute; &ocirc;ng hiện đại v&agrave; sang trọng.</p>\r\n\r\n<p>&nbsp;</p>\r\n\r\n<p>&nbsp;</p>\r\n\r\n<p>✔️M&ugrave;i độc quyền do&nbsp;<a href=\"https://dailynuochoacharme.vn/\" target=\"_blank\"><strong>CHARME PERFUME</strong></a>&nbsp;sản xuất. Thơm rất l&acirc;u, tối đa&nbsp;10 giờ đến 12 giờ tr&ecirc;n da</p>\r\n\r\n<p>&nbsp;</p>\r\n\r\n<p>&nbsp;</p>\r\n\r\n<p>✔️Free ship to&agrave;n quốc.</p>\r\n\r\n<p>&nbsp;</p>\r\n\r\n<p>&nbsp;</p>\r\n\r\n<p>✔️Được khui h&agrave;ng kiểm tra v&agrave; xịt thử m&ugrave;i l&uacute;c nhận h&agrave;ng (shop&nbsp;tặng k&egrave;m 1 chai&nbsp;dạng chiết 10ml c&ugrave;ng m&ugrave;i để&nbsp;xịt test&nbsp;thử m&ugrave;i).</p>\r\n\r\n<p>&nbsp;</p>\r\n\r\n<p>&nbsp;</p>\r\n\r\n<p>✔️Tặng m&atilde; giảm gi&aacute; mỗi ng&agrave;y ở cuối b&agrave;i viết.</p>\r\n\r\n<p><br />\r\n&nbsp;</p>\r\n\r\n<p>&nbsp;</p>\r\n', '2021-05-26', 1150000, 950000, 'nuoc-hoa-charme-boss.png', NULL, 0, 15, '', 0, 1),
(52, 1, 2, 'Marc Jacobs Lola', '<p>Nước hoa&nbsp;<strong>Marc Jacobs&nbsp;</strong><strong>Lola&nbsp;</strong>l&agrave; một b&oacute; hoa tươi đẹp thể hiện tinh thần tự do của c&aacute;c c&ocirc; g&aacute;i sexy, hiện đại, dễ thương v&agrave; đầy c&aacute; t&iacute;nh. Hương thơm mở đầu với m&ugrave;i hương của ti&ecirc;u, tr&aacute;i l&ecirc; v&agrave; bưởi ch&ugrave;m đỏ. Hương giữa tươi tắn v&agrave; nữ t&iacute;nh với hương thơm của hoa hồng, hoa nh&agrave;i v&agrave; hoa phong lữ. Hương cuối quyến rũ với hương thơm của vani, đậu tonka v&agrave; xạ hương. Thiết kế vỏ chai thật tinh tế với những v&ograve;ng hoa rực rỡ nhiều tầng như một b&oacute; hoa bừng nở. Cổ chai l&agrave; v&ograve;ng kim loại lấy cảm hứng từ những sợi d&acirc;y thừng.</p>\r\n\r\n<p><strong>Th&ocirc;ng tin sản phẩm</strong></p>\r\n\r\n<ul>\r\n	<li>Thương hiệu: Marc Jacobs</li>\r\n	<li>Nồng độ: Eau De Perfume (EDP)</li>\r\n	<li>Loại nước hoa nữ</li>\r\n	<li>M&ugrave;i hương đặc trưng:\r\n	<ul>\r\n		<li>Hương đầu: hồ ti&ecirc;u hồng, quả l&ecirc;, quả bưởi</li>\r\n		<li>Hương giữa: hoa mẫu đơn, hoa phong lữ, hoa hồng</li>\r\n		<li>Hương cuối: hương vani, xạ hương, đậu Tonka</li>\r\n	</ul>\r\n	</li>\r\n	<li>Nh&oacute;m hương: Hoa cỏ, tr&aacute;i c&acirc;y</li>\r\n	<li>Phong c&aacute;ch: Hiện đại, dễ thương, c&aacute; t&iacute;nh</li>\r\n	<li>Dung t&iacute;ch: 100ml</li>\r\n	<li>C&aacute;ch sử dụng: Xịt</li>\r\n	<li>Người s&aacute;ng lập: Calice Becker, Yann Vasnier</li>\r\n	<li>Năm ph&aacute;t h&agrave;nh: 2009</li>\r\n	<li>Xuất xứ: Mỹ</li>\r\n</ul>\r\n', '2021-05-26', 1850000, 200000, 'marc jacobs lola - 50ml.jpg', NULL, 0, 20, '', 0, 1),
(51, 22, 2, ' CHARME PERFUME Nước Hoa Nam Charme Boss Charme 100ml', '', '2021-05-26', 2560000, 2110000, 'Lancome Tresor3.jpg', NULL, 0, 21, '', 0, 1);

-- --------------------------------------------------------

--
-- Cấu trúc bảng cho bảng `sanpham_comment`
--

CREATE TABLE `sanpham_comment` (
  `id_comment` int(11) NOT NULL,
  `idSP` int(11) NOT NULL,
  `hoten` varchar(150) NOT NULL,
  `email` varchar(150) NOT NULL,
  `tieude` varchar(200) NOT NULL,
  `noidung` text NOT NULL,
  `ngay_comment` date DEFAULT NULL,
  `kiem_duyet` tinyint(4) NOT NULL DEFAULT 0
) ENGINE=MyISAM DEFAULT CHARSET=utf8;

--
-- Đang đổ dữ liệu cho bảng `sanpham_comment`
--

INSERT INTO `sanpham_comment` (`id_comment`, `idSP`, `hoten`, `email`, `tieude`, `noidung`, `ngay_comment`, `kiem_duyet`) VALUES
(1, 1, 'Nguyễn Thị Yến Nhi', 'abcnv@gmail.com', 'dasdasdsad', 'sadsads', '2021-05-01', 1),
(2, 9, 'Lan', '', '', '<p>Sản phẩm n&agrave;y c&ograve;n k ạ</p>\r\n', '2021-05-05', 1);

-- --------------------------------------------------------

--
-- Cấu trúc bảng cho bảng `sanpham_hinh`
--

CREATE TABLE `sanpham_hinh` (
  `id_hinh` int(11) NOT NULL,
  `idSP` int(11) NOT NULL,
  `urlHinh` varchar(150) NOT NULL,
  `anhien` tinyint(4) NOT NULL DEFAULT 1
) ENGINE=MyISAM DEFAULT CHARSET=utf8;

--
-- Đang đổ dữ liệu cho bảng `sanpham_hinh`
--

INSERT INTO `sanpham_hinh` (`id_hinh`, `idSP`, `urlHinh`, `anhien`) VALUES
(1, 2, 'Calvin Klein Euphoria Blossom Women_2.PNG', 1),
(2, 2, 'Calvin Klein Euphoria Blossom Women_3.PNG', 1),
(7, 4, 'Chanel Bleu De Chanel Eau De Parfum Men_2.PNG', 1),
(8, 4, 'Chanel Bleu De Chanel Eau De Parfum Men_3.PNG', 1),
(9, 4, 'Chanel Bleu De Chanel Eau De Parfum Men_4.PNG', 1),
(10, 5, 'Chanel Allure Homme Sport Eau Extreme Men_2.PNG', 1),
(11, 5, 'Chanel Allure Homme Sport Eau Extreme Men_3.PNG', 1),
(12, 5, 'Chanel Allure Homme Sport Eau Extreme Men_4.PNG', 1),
(13, 6, 'Dior Sauvage Men_2.PNG', 1),
(14, 6, 'Dior Sauvage Men_3.PNG', 1),
(15, 6, 'Dior Sauvage Men_4.PNG', 1),
(16, 7, 'Dior Eau Sauvage Parfum Men_2.PNG', 1),
(17, 7, 'Dior Eau Sauvage Parfum Men_3.PNG', 1),
(18, 7, 'Dior Eau Sauvage Parfum Men_4.PNG', 1),
(19, 8, 'Dior Eau Sauvage Parfum Men_2.PNG', 1),
(20, 9, 'Diptyque Tam Dao Eau De Parfum_2.PNG', 1),
(21, 9, 'Diptyque Tam Dao Eau De Parfum_3.PNG', 1),
(22, 9, 'Diptyque Tam Dao Eau De Parfum_4.PNG', 1),
(23, 10, 'Elie Saab Le Parfum Women_2.PNG', 1),
(24, 10, 'Elie Saab Le Parfum Women_3.PNG', 1),
(25, 10, 'Elie Saab Le Parfum Women_4.PNG', 1),
(26, 10, 'Elie Saab Le Parfum Women_5.PNG', 1),
(27, 11, 'Elie Saab Rose Couture_2.PNG', 1),
(28, 11, 'Elie Saab Rose Couture_3.PNG', 1),
(29, 11, 'Elie Saab Rose Couture_4.PNG', 1),
(30, 11, 'Elie Saab Rose Couture_5.PNG', 1),
(31, 11, 'Elie Saab Rose Couture_6.PNG', 1),
(32, 12, 'Scuderia Ferrari Racing Red Men_2.PNG', 1),
(33, 12, 'Scuderia Ferrari Racing Red Men_3.PNG', 1),
(34, 13, 'Ferrari Black Men_2.PNG', 1),
(35, 14, 'Ferrari Uomo Men_2.PNG', 1),
(36, 14, 'Ferrari Uomo Men_3.PNG', 1),
(37, 15, 'Armani Prive Vert Malachite For men & women_2.PNG', 1),
(38, 15, 'Armani Prive Vert Malachite For men & women_3.PNG', 1),
(39, 15, 'Armani Prive Vert Malachite For men & women_4.PNG', 1),
(40, 15, 'Armani Prive Vert Malachite For men & women_5.PNG', 1),
(41, 16, 'Armani Prive Rouge Malachite Men & Women_2.PNG', 1),
(42, 16, 'Armani Prive Rouge Malachite Men & Women_3.PNG', 1),
(43, 16, 'Armani Prive Rouge Malachite Men & Women_4.PNG', 1),
(44, 17, 'Armani Prive Rose D\'arabie Intense Unisex_2.PNG', 1),
(45, 17, 'Armani Prive Rose D\'arabie Intense Unisex_3.PNG', 1),
(46, 17, 'Armani Prive Rose D\'arabie Intense Unisex_4.PNG', 1),
(47, 18, 'Givenchy Gentlemen Only Men_2.PNG', 1),
(48, 18, 'Givenchy Gentlemen Only Men_3.PNG', 1),
(49, 18, 'Givenchy Gentlemen Only Men_4.PNG', 1),
(50, 19, 'Givenchy Gentlemen Only Absolute_2.PNG', 1),
(51, 19, 'Givenchy Gentlemen Only Absolute_3.PNG', 1),
(52, 19, 'Givenchy Gentlemen Only Absolute_4.PNG', 1),
(53, 20, 'Gucci Guilty Intense Pour Homme_3.PNG', 1),
(54, 20, 'Gucci Guilty Intense Pour Homme_4.PNG', 1),
(55, 21, 'Gucci Made to Measure Men_2.PNG', 1),
(56, 21, 'Gucci Made to Measure Men_3.PNG', 1),
(57, 21, 'Gucci Made to Measure Men_4.PNG', 1),
(58, 22, 'Gucci Guilty Pour Homme_2.PNG', 1),
(59, 22, 'Gucci Guilty Pour Homme_3.PNG', 1),
(60, 23, 'Gucci Guilty Stud Limited Edition Pour Homme Men_2.PNG', 1),
(61, 23, 'Gucci Guilty Stud Limited Edition Pour Homme Men_3.PNG', 1),
(62, 23, 'Gucci Guilty Stud Limited Edition Pour Homme Men_4.PNG', 1),
(63, 24, 'CaHermes Eau Des Merveilles 4PC_2.PNG', 1),
(64, 25, 'Hermes Terre d`Hermes Gift Set 100ml 3PC_2.PNG', 1),
(65, 25, 'Hermes Terre d`Hermes Gift Set 100ml 3PC_3.PNG', 1),
(66, 25, 'Hermes Terre d`Hermes Gift Set 100ml 3PC_4.PNG', 1),
(67, 25, 'Hermes Terre d`Hermes Gift Set 100ml 3PC_5.PNG', 1),
(68, 26, 'Hermes Terre D’Hermes GiftSet (125ml+30ml)_2.PNG', 1),
(69, 26, 'Hermes Terre D’Hermes GiftSet (125ml+30ml)_3.PNG', 1),
(70, 27, 'Hermes Terre D\'Hermes Giftset 3PC_2.PNG', 1),
(71, 27, 'Hermes Terre D\'Hermes Giftset 3PC_3.PNG', 1),
(72, 27, 'Hermes Terre D\'Hermes Giftset 3PC_4.PNG', 1),
(73, 28, 'Hermes Voyage d\'Hermes Pure Parfum Unisex Gift Set 4PC_2.PNG', 1),
(74, 28, 'Hermes Voyage d\'Hermes Pure Parfum Unisex Gift Set 4PC_3.PNG', 1),
(75, 29, 'Jo Malon Peony & Blush Suede Cologne_3.PNG', 1),
(76, 30, 'Jo Malone Oud & Bergamot Cologne Intense_2.PNG', 1),
(77, 31, 'Mancera Wild Fruits_2.PNG', 1),
(78, 31, 'Mancera Wild Fruits_4.PNG', 1),
(79, 32, 'Rose des Vents Louis Vuitton_2.PNG', 1),
(80, 32, 'Rose des Vents Louis Vuitton_3.PNG', 1),
(81, 32, 'Rose des Vents Louis Vuitton_4.PNG', 1),
(82, 33, 'Mariah Carey M Women_2.PNG', 1),
(83, 33, 'Mariah Carey M Women_3.PNG', 1),
(84, 33, 'Mariah Carey M Women_4.PNG', 1),
(85, 34, 'Prada Candy Florale Giftset_2.PNG', 1),
(86, 35, 'Prada Candy Florale Giftset_3.PNG', 1),
(87, 35, 'Penhaligon\'s Portraits The Tragedy of Lord George_2.PNG', 1),
(88, 35, 'Penhaligon\'s Portraits The Tragedy of Lord George_3.PNG', 1),
(89, 35, 'Penhaligon\'s Portraits The Tragedy of Lord George_4.PNG', 1),
(90, 35, 'Penhaligon\'s Portraits The Tragedy of Lord George_5.PNG', 1),
(91, 36, 'Penhaligon\'s Portraits The Duke_2.PNG', 1),
(92, 36, 'Penhaligon\'s Portraits The Duke_3.PNG', 1),
(93, 36, 'Penhaligon\'s Portraits The Duke_4.PNG', 1),
(94, 36, 'Penhaligon\'s Portraits The Duke_5.PNG', 1),
(95, 37, 'Swarovski Aura Gift Set 3PC_2.PNG', 1),
(96, 37, 'Swarovski Aura Gift Set 3PC_3.PNG', 1),
(97, 37, 'Swarovski Aura Gift Set 3PC_4.PNG', 1),
(98, 38, 'Thierry Mugler Amen Set 3PC_2.PNG', 1),
(99, 38, 'Thierry Mugler Amen Set 3PC_3.PNG', 1),
(100, 39, 'Thierry Mugler Mini Alien & Angel_2.PNG', 1),
(101, 39, 'Thierry Mugler Mini Alien & Angel_3.PNG', 1),
(102, 40, 'nuoc-hoa-nam-blue-de-chanel-pour-home-edp-100ml-1.jpg', 1),
(103, 41, 'Prada Amber Pour homme Intense.PNG', 1),
(104, 41, 'Prada Amber Pour homme Intense1.PNG', 1),
(105, 41, 'Prada Amber Pour homme Intense2.PNG', 1),
(106, 42, 'Carolina Herrera 212 CH Men Sport1.PNG', 1),
(107, 42, 'Carolina Herrera 212 CH Men Sport2.PNG', 1),
(108, 42, 'Carolina Herrera 212 CH Men Sport3.PNG', 1),
(109, 42, 'Carolina Herrera 212 CH Men Sport4.PNG', 1),
(110, 43, 'Dior Homme Intense1.PNG', 1),
(111, 43, 'Dior Homme Intense2.PNG', 1),
(112, 43, 'Dior Homme Intense3.PNG', 1),
(113, 43, 'Dior Homme Intense4.PNG', 1),
(114, 44, 'Elie Saab Le Parfum Women1.PNG', 1),
(115, 44, 'Elie Saab Le Parfum Women2.PNG', 1),
(116, 44, 'Elie Saab Le Parfum Women3.PNG', 1),
(117, 44, 'Elie Saab Le Parfum Women4.PNG', 1),
(118, 45, 'Byredo Pulp Eau De Parfum_1.PNG', 1),
(119, 45, 'Byredo Pulp Eau De Parfum_2.PNG', 1),
(120, 45, 'Byredo Pulp Eau De Parfum_3.PNG', 1),
(122, 46, 'Byredo Rose Noir_1.PNG', 1),
(121, 45, 'Byredo Pulp Eau De Parfum_4.PNG', 1),
(123, 46, 'Byredo Rose Noir_2.PNG', 1),
(124, 46, 'Byredo Rose Noir_3.PNG', 1),
(125, 46, 'Byredo Rose Noir_4.PNG', 1),
(147, 47, 'Gucci Guilty Tester Women1.PNG', 1),
(148, 47, 'Gucci Guilty Tester Women2.PNG', 1),
(149, 47, 'Gucci Guilty Tester Women3.PNG', 1),
(150, 48, 'Chanel Allure Homme Sport Eau Extreme Men_3.png', 1),
(151, 48, 'Chanel Allure Homme Sport Eau Extreme Men_2.png', 1),
(152, 49, 'nuoc-hoa-charme-boss-charme-100ml-nam-chinh-hang-3.jpg', 1),
(153, 49, 'nuoc-hoa-charme-boss-charme-100ml-2.jpg', 1),
(154, 49, 'nuoc-hoa-charme-boss.png', 1),
(155, 50, 'tom-ford-velvet-orchid-for-women-3.jpg', 1),
(156, 50, 'tom-ford-velvet-orchid-for-women-4.jpg', 1),
(157, 50, 'nuoc-hoa-nu-tomford-velvet-orchird-for-woman-100ml.png', 1),
(158, 50, 'tom-ford-velvet-orchid-for-women-2.jpg', 1),
(159, 51, 'Lancome Tresor1.jpg', 1),
(160, 51, 'Lancome Tresor2.jpg', 1),
(161, 51, 'Lancome Tresor3.jpg', 1),
(162, 51, 'Lancome_tresor.jpg', 1),
(163, 52, 'marc jacobs lola.jpg', 1),
(164, 3, 'Calvin-Klein-Eternity-Men.jpg', 1),
(165, 3, 'Calvin-Klein-Eternity-Men-1.jpg', 1);

-- --------------------------------------------------------

--
-- Cấu trúc bảng cho bảng `users`
--

CREATE TABLE `users` (
  `idUser` int(11) NOT NULL,
  `HoTen` varchar(30) COLLATE utf8_unicode_ci DEFAULT NULL,
  `HoTenK` varchar(50) COLLATE utf8_unicode_ci DEFAULT NULL,
  `Password` varchar(100) COLLATE utf8_unicode_ci DEFAULT NULL,
  `DiaChi` varchar(100) COLLATE utf8_unicode_ci DEFAULT NULL,
  `DienThoai` varchar(12) COLLATE utf8_unicode_ci DEFAULT NULL,
  `Email` varchar(30) COLLATE utf8_unicode_ci DEFAULT NULL,
  `NgayDangKy` datetime DEFAULT NULL,
  `idGroup` tinyint(4) DEFAULT 2
) ENGINE=InnoDB DEFAULT CHARSET=utf8 COLLATE=utf8_unicode_ci;

--
-- Đang đổ dữ liệu cho bảng `users`
--

INSERT INTO `users` (`idUser`, `HoTen`, `HoTenK`, `Password`, `DiaChi`, `DienThoai`, `Email`, `NgayDangKy`, `idGroup`) VALUES
(0, 'Khach', 'Khách', NULL, NULL, NULL, NULL, NULL, 3),
(1, 'admin', 'PERFUME STORE', '202cb962ac59075b964b07152d234b70', '40 Lưu Văn Việt, P.2, Tp.Vĩnh Long, Vĩnh Long', '0848433319', 'perfumestore@gmail.com', '2017-05-20 00:00:00', 1),
(2, 'Lan', 'Nguyễn Thị Tiểu Lan', '202cb962ac59075b964b07152d234b70', 'Vĩnh Long', '0923443092', 'lanntt@gmail.com', '2021-04-20 04:01:01', 2),
(11, 'Huy', 'Võ Hoàng Khang Huy', '202cb962ac59075b964b07152d234b70', 'Trà Vinh', '0123456789', 'huy@gmail.com', '2021-05-05 05:06:18', 2),
(12, 'Nhi', 'Nguyễn Thị Yến Nhi', '202cb962ac59075b964b07152d234b70', 'Cái Bè - Bến Tre', '0355685450 ', 'nhi@gmail.com', '2021-05-06 11:15:51', 2),
(13, 'Thảo', 'Nguyễn Thị Thu Thảo', '202cb962ac59075b964b07152d234b70', 'TP HCM', '0939565661', 'nguyenthao@gmail.com', '2021-05-06 11:18:26', 2);

--
-- Chỉ mục cho các bảng đã đổ
--

--
-- Chỉ mục cho bảng `baiviet`
--
ALTER TABLE `baiviet`
  ADD PRIMARY KEY (`idBV`);

--
-- Chỉ mục cho bảng `donhang`
--
ALTER TABLE `donhang`
  ADD PRIMARY KEY (`idDH`);

--
-- Chỉ mục cho bảng `donhangchitiet`
--
ALTER TABLE `donhangchitiet`
  ADD PRIMARY KEY (`idDH`,`idSP`);

--
-- Chỉ mục cho bảng `khuyenmai`
--
ALTER TABLE `khuyenmai`
  ADD PRIMARY KEY (`idKM`);

--
-- Chỉ mục cho bảng `loaisp`
--
ALTER TABLE `loaisp`
  ADD PRIMARY KEY (`idL`);

--
-- Chỉ mục cho bảng `nhanhieu`
--
ALTER TABLE `nhanhieu`
  ADD PRIMARY KEY (`idNH`);

--
-- Chỉ mục cho bảng `phuongthucgiaohang`
--
ALTER TABLE `phuongthucgiaohang`
  ADD PRIMARY KEY (`idGH`);

--
-- Chỉ mục cho bảng `phuongthucthanhtoan`
--
ALTER TABLE `phuongthucthanhtoan`
  ADD PRIMARY KEY (`idPTTT`);

--
-- Chỉ mục cho bảng `sanpham`
--
ALTER TABLE `sanpham`
  ADD PRIMARY KEY (`idSP`);

--
-- Chỉ mục cho bảng `sanpham_comment`
--
ALTER TABLE `sanpham_comment`
  ADD PRIMARY KEY (`id_comment`);

--
-- Chỉ mục cho bảng `sanpham_hinh`
--
ALTER TABLE `sanpham_hinh`
  ADD PRIMARY KEY (`id_hinh`);

--
-- Chỉ mục cho bảng `users`
--
ALTER TABLE `users`
  ADD PRIMARY KEY (`idUser`);

--
-- AUTO_INCREMENT cho các bảng đã đổ
--

--
-- AUTO_INCREMENT cho bảng `baiviet`
--
ALTER TABLE `baiviet`
  MODIFY `idBV` int(11) NOT NULL AUTO_INCREMENT, AUTO_INCREMENT=24;

--
-- AUTO_INCREMENT cho bảng `khuyenmai`
--
ALTER TABLE `khuyenmai`
  MODIFY `idKM` int(11) NOT NULL AUTO_INCREMENT, AUTO_INCREMENT=5;

--
-- AUTO_INCREMENT cho bảng `loaisp`
--
ALTER TABLE `loaisp`
  MODIFY `idL` int(12) NOT NULL AUTO_INCREMENT, AUTO_INCREMENT=6;

--
-- AUTO_INCREMENT cho bảng `nhanhieu`
--
ALTER TABLE `nhanhieu`
  MODIFY `idNH` int(12) NOT NULL AUTO_INCREMENT, AUTO_INCREMENT=23;

--
-- AUTO_INCREMENT cho bảng `phuongthucgiaohang`
--
ALTER TABLE `phuongthucgiaohang`
  MODIFY `idGH` int(11) NOT NULL AUTO_INCREMENT, AUTO_INCREMENT=5;

--
-- AUTO_INCREMENT cho bảng `phuongthucthanhtoan`
--
ALTER TABLE `phuongthucthanhtoan`
  MODIFY `idPTTT` int(2) NOT NULL AUTO_INCREMENT, AUTO_INCREMENT=3;

--
-- AUTO_INCREMENT cho bảng `sanpham`
--
ALTER TABLE `sanpham`
  MODIFY `idSP` int(12) NOT NULL AUTO_INCREMENT, AUTO_INCREMENT=53;

--
-- AUTO_INCREMENT cho bảng `sanpham_comment`
--
ALTER TABLE `sanpham_comment`
  MODIFY `id_comment` int(11) NOT NULL AUTO_INCREMENT, AUTO_INCREMENT=6;

--
-- AUTO_INCREMENT cho bảng `sanpham_hinh`
--
ALTER TABLE `sanpham_hinh`
  MODIFY `id_hinh` int(11) NOT NULL AUTO_INCREMENT, AUTO_INCREMENT=166;

--
-- AUTO_INCREMENT cho bảng `users`
--
ALTER TABLE `users`
  MODIFY `idUser` int(11) NOT NULL AUTO_INCREMENT, AUTO_INCREMENT=14;
COMMIT;

/*!40101 SET CHARACTER_SET_CLIENT=@OLD_CHARACTER_SET_CLIENT */;
/*!40101 SET CHARACTER_SET_RESULTS=@OLD_CHARACTER_SET_RESULTS */;
/*!40101 SET COLLATION_CONNECTION=@OLD_COLLATION_CONNECTION */;
